Sales Person,Country,Product,Date,Amount,Boxes Shipped
Wilone OKielt,India,Spicy Dark Bites,26-Jul-24,"$3,666.72",166
Curtice Advani,Australia,Coconut Clusters,22-Sep-24,"$1,479.89",39
Rafaelita Blaksland,USA,Toffee Biscuit,1-Feb-23,$313.21,18
Barr Faughny,UK,85% Dark Bars,6-Oct-23,"$1,297.02",47
Dotty Strutley,Canada,Sea Salt Caramel,8-Sep-24,$427.45,31
Karlen McCaffrey,India,85% Dark Bars,19-Mar-23,$583.97,17
Curtice Advani,Australia,Choco Coated Almonds,11-Mar-24,"$8,776.58",359
Ches Bonnell,Australia,Eclairs,12-Sep-24,$422.37,26
Kania Dobrovolski,Australia,Choco Coated Almonds,14-May-24,"$1,522.09",90
Husein Augar,India,White Choc,24-May-23,"$1,167.66",59
Brien Boise,USA,Almond Delight,16-Mar-24,$843.67,40
Mallorie Waber,New Zealand,Caramel Swirls,17-Dec-24,"$2,317.20",56
Husein Augar,India,Toffee Biscuit,9-May-24,"$1,518.85",70
Dotty Strutley,Australia,Milk Choco Drops,18-Dec-23,$248.24,13
Pru Soles,Canada,Choco Coated Almonds,20-Aug-24,"$2,029.72",101
Barr Faughny,Australia,Hazelnut Crunch,29-Dec-24,"$2,381.52",51
Pru Soles,Australia,Mint Chip Choco,18-Sep-24,$180.83,16
Ernie Sherstone,India,Peanut Butter Cups,26-Dec-23,$897.01,59
Barr Faughny,India,Orange Cream Bars,2-Apr-24,$828.77,53
Ernie Sherstone,USA,Almond Delight,27-Feb-24,"$2,178.43",90
Brien Boise,UK,Choco Coated Almonds,5-Dec-23,"$14,981.33",312
Dotty Strutley,India,Truffle Collection,26-Feb-23,"$5,084.50",137
Pru Soles,UK,Orange Cream Bars,30-Mar-24,$257.58,14
Kania Dobrovolski,New Zealand,Orange Cream Bars,8-Apr-24,"$1,428.48",100
Eliza Leatherhead,Australia,Truffle Collection,9-Mar-24,"$6,265.09",107
Ernie Sherstone,Canada,Eclairs,11-Feb-24,"$4,885.68",307
Jan Morforth,New Zealand,Sea Salt Caramel,23-Feb-24,$313.96,12
Wilone OKielt,New Zealand,Orange Cream Bars,21-Sep-24,"$4,567.81",241
Andria Kimpton,UK,Hazelnut Crunch,12-Jun-23,"$1,208.28",95
Zaria Ambler,Canada,Orange Cream Bars,2-Apr-23,"$2,464.95",151
Brien Boise,India,Peanut Butter Cups,12-Feb-23,$426.53,11
Rafaelita Blaksland,New Zealand,Smooth Silky Salty,11-Jul-23,"$2,415.68",134
Andria Kimpton,UK,Praline Hearts,15-May-23,"$2,164.82",111
Oby Sorrel,Australia,Mint Chip Choco,7-May-23,$828.89,44
Brien Boise,Australia,Peanut Butter Cups,28-Aug-23,$444.26,25
Dennison Crosswaite,UK,Mint Chip Choco,24-Mar-24,"$5,041.11",190
Ches Bonnell,Australia,Mint Chip Choco,6-Nov-23,$517.87,15
Andria Kimpton,Canada,Eclairs,9-Aug-24,$503.68,39
Husein Augar,Australia,50% Dark Bites,20-Jan-24,"$1,122.04",81
Zaria Ambler,New Zealand,Peanut Butter Cups,13-Mar-24,"$1,712.72",118
Kania Dobrovolski,Australia,Eclairs,29-May-24,$319.88,23
Jan Morforth,UK,Mint Chip Choco,18-Nov-24,"$4,790.22",238
Karlen McCaffrey,UK,Raspberry Choco,7-May-23,"$5,246.18",192
Kelci Walkden,Canada,Spicy Dark Bites,31-Mar-24,$437.21,28
Van Tuxwell,Canada,White Choc,25-Jul-23,$151.98,17
Pru Soles,New Zealand,Eclairs,20-Nov-24,"$4,517.54",349
Ernie Sherstone,New Zealand,Truffle Collection,26-May-23,"$6,863.91",193
Zaria Ambler,UK,85% Dark Bars,13-Oct-24,$401.44,16
Gunar Cockshoot,Canada,85% Dark Bars,24-Oct-24,$715.92,28
Kania Dobrovolski,New Zealand,Toffee Biscuit,8-Apr-23,"$1,491.93",112
Eliza Leatherhead,Australia,Caramel Swirls,25-Mar-24,"$1,020.53",52
Dennison Crosswaite,New Zealand,Smooth Silky Salty,14-Sep-23,"$2,884.59",120
Van Tuxwell,Australia,Coconut Clusters,16-May-24,"$2,979.86",124
Gunar Cockshoot,India,Toffee Biscuit,6-Aug-23,$426.05,21
Gunar Cockshoot,USA,Eclairs,14-Jul-24,$378.14,24
Wilone OKielt,New Zealand,Smooth Silky Salty,2-Jan-24,"$2,347.75",100
Pru Soles,India,Peanut Butter Cups,7-Nov-24,$170.89,20
Dotty Strutley,Canada,Coconut Clusters,5-Jul-24,$304.78,42
Kelci Walkden,USA,Truffle Collection,12-Jun-23,"$5,012.86",81
Eliza Leatherhead,New Zealand,Almond Delight,5-Jun-23,$592.66,29
Van Tuxwell,UK,Sea Salt Caramel,1-Dec-23,$599.93,20
Kania Dobrovolski,Canada,Caramel Swirls,8-Feb-23,$780.03,26
Dennison Crosswaite,Australia,Eclairs,23-Nov-23,"$4,762.39",126
Dotty Strutley,Canada,Hazelnut Crunch,16-Jun-24,"$1,211.03",95
Ches Bonnell,UK,White Choc,9-Nov-23,$556.17,26
Karlen McCaffrey,India,Orange Cream Bars,16-Nov-24,$319.37,16
Brien Boise,UK,Milk Choco Drops,19-Sep-24,$936.69,73
Mallorie Waber,USA,Orange Cream Bars,15-Aug-23,$249.11,13
Marney Dwyer,USA,Caramel Swirls,12-Feb-24,"$2,393.77",101
Zaria Ambler,Australia,Raspberry Choco,12-Mar-23,$387.06,30
Pru Soles,India,Sea Salt Caramel,8-Apr-23,"$1,371.35",59
Ernie Sherstone,India,50% Dark Bites,3-Feb-24,$127.25,18
Marney Dwyer,New Zealand,Mint Chip Choco,12-Jul-24,"$3,010.12",207
Zaria Ambler,New Zealand,Praline Hearts,12-Dec-23,"$1,024.74",24
Dotty Strutley,USA,85% Dark Bars,22-Oct-24,$453.09,30
Ernie Sherstone,New Zealand,Hazelnut Crunch,24-Apr-23,$322.80,32
Van Tuxwell,UK,Toffee Biscuit,27-Aug-23,"$6,689.72",345
Jan Morforth,India,Praline Hearts,24-Feb-23,$164.86,10
Zaria Ambler,USA,Praline Hearts,12-Apr-23,"$1,560.51",39
Dotty Strutley,India,Mint Chip Choco,12-Feb-23,"$1,183.59",54
Mallorie Waber,New Zealand,Toffee Biscuit,20-Jul-23,"$1,234.40",61
Barr Faughny,India,85% Dark Bars,1-Mar-23,"$1,048.43",105
Pru Soles,India,Caramel Swirls,24-May-24,$142.29,11
Curtice Advani,UK,85% Dark Bars,16-Sep-23,"$1,516.98",50
Curtice Advani,New Zealand,Coconut Clusters,13-Aug-23,"$1,929.28",128
Mallorie Waber,USA,Coconut Clusters,26-Apr-24,"$3,617.05",149
Jan Morforth,New Zealand,Milk Choco Drops,30-Apr-24,$134.79,26
Jan Morforth,UK,Caramel Swirls,14-Jul-24,"$2,168.59",117
Mallorie Waber,Australia,Milk Choco Drops,17-Sep-23,"$4,537.26",175
Mallorie Waber,UK,Hazelnut Crunch,15-Aug-23,$231.18,11
Curtice Advani,Australia,Truffle Collection,20-May-24,"$2,249.72",30
Beverie Moffet,Canada,Coconut Clusters,10-Jan-24,$811.46,77
Pru Soles,New Zealand,Almond Delight,13-Jan-24,$338.76,18
Mallorie Waber,Australia,Toffee Biscuit,31-Aug-24,"$5,066.12",155
Jan Morforth,India,Hazelnut Crunch,12-Nov-24,$451.67,23
Curtice Advani,Australia,Hazelnut Crunch,4-Oct-24,$481.19,28
Gunar Cockshoot,Australia,Orange Cream Bars,13-May-23,"$2,820.13",186
Ches Bonnell,USA,Peanut Butter Cups,1-Jun-24,"$1,428.10",63
Beverie Moffet,USA,85% Dark Bars,21-Feb-24,"$5,394.44",144
Jan Morforth,USA,Coconut Clusters,7-Dec-24,"$4,598.14",271
Karlen McCaffrey,UK,85% Dark Bars,30-Mar-23,$881.95,22
Jan Morforth,Canada,Spicy Dark Bites,11-Mar-23,$296.84,26
Mallorie Waber,Canada,Choco Coated Almonds,22-Jun-24,$842.15,53
Jan Morforth,India,Praline Hearts,8-Aug-24,$405.35,16
Marney Dwyer,USA,Spicy Dark Bites,11-Oct-24,"$6,796.02",300
Dotty Strutley,UK,Truffle Collection,29-Jul-24,"$1,187.98",38
Dennison Crosswaite,Australia,Eclairs,7-Dec-24,$656.26,17
Husein Augar,New Zealand,Truffle Collection,8-May-23,"$6,403.70",138
Dennison Crosswaite,Australia,Coconut Clusters,31-Jul-23,$818.54,38
Ernie Sherstone,Canada,Toffee Biscuit,7-Nov-24,"$1,073.92",54
Zaria Ambler,Canada,Almond Delight,23-Feb-23,"$1,981.08",103
Kania Dobrovolski,New Zealand,Raspberry Choco,19-May-23,"$4,349.14",233
Brien Boise,USA,Sea Salt Caramel,29-Apr-23,"$2,708.22",87
Karlen McCaffrey,USA,Toffee Biscuit,17-Jan-24,$365.69,20
Barr Faughny,Australia,Caramel Swirls,1-May-24,$258.64,21
Kania Dobrovolski,Australia,Praline Hearts,20-Jul-23,$411.40,18
Marney Dwyer,UK,Caramel Swirls,10-Nov-23,"$1,722.35",29
Van Tuxwell,USA,85% Dark Bars,5-Aug-23,"$5,673.37",156
Oby Sorrel,UK,Smooth Silky Salty,31-Jan-24,"$4,159.03",251
Zaria Ambler,New Zealand,Mint Chip Choco,31-Aug-23,$352.28,24
Van Tuxwell,Australia,Coconut Clusters,21-Jan-23,"$1,123.76",43
Karlen McCaffrey,New Zealand,Spicy Dark Bites,8-Aug-23,$544.74,30
Curtice Advani,USA,Milk Choco Drops,22-Sep-24,"$1,505.17",78
Mallorie Waber,New Zealand,Peanut Butter Cups,10-Jan-24,"$5,283.93",327
Mallorie Waber,India,Milk Choco Drops,21-May-23,"$1,557.37",105
Ches Bonnell,India,Milk Choco Drops,25-May-24,"$3,455.12",299
Rafaelita Blaksland,New Zealand,50% Dark Bites,19-Dec-24,"$5,596.81",341
Van Tuxwell,UK,Praline Hearts,12-Sep-24,$816.07,19
Rafaelita Blaksland,UK,Coconut Clusters,15-Jan-23,"$4,077.19",168
Ernie Sherstone,USA,Mint Chip Choco,16-Feb-23,"$1,129.90",61
Zaria Ambler,Australia,Milk Choco Drops,16-Jun-24,$261.02,27
Kelci Walkden,New Zealand,Hazelnut Crunch,12-Mar-24,"$2,074.05",56
Dennison Crosswaite,Canada,Truffle Collection,15-Aug-23,"$5,162.57",172
Brien Boise,New Zealand,Smooth Silky Salty,12-Oct-24,"$1,062.71",33
Ches Bonnell,USA,White Choc,2-Mar-24,$360.29,48
Curtice Advani,India,Orange Cream Bars,21-Jul-24,$531.63,32
Van Tuxwell,New Zealand,White Choc,19-May-23,$674.75,110
Van Tuxwell,Australia,Almond Delight,18-Jun-23,"$1,438.68",127
Dennison Crosswaite,India,White Choc,26-Apr-24,$978.14,112
Kelci Walkden,New Zealand,Truffle Collection,14-Feb-24,"$15,561.58",171
Mallorie Waber,Australia,White Choc,26-Sep-23,"$2,188.37",145
Rafaelita Blaksland,Canada,Choco Coated Almonds,1-Mar-23,"$1,499.47",63
Dotty Strutley,Canada,Milk Choco Drops,16-Jul-24,$171.39,40
Gunar Cockshoot,New Zealand,Milk Choco Drops,2-Jun-23,$205.00,34
Zaria Ambler,India,Orange Cream Bars,1-Apr-23,"$1,444.18",110
Beverie Moffet,New Zealand,White Choc,2-Feb-23,"$5,766.73",355
Husein Augar,India,Mint Chip Choco,22-Sep-23,"$4,717.12",237
Eliza Leatherhead,New Zealand,Milk Choco Drops,19-May-24,"$1,129.70",118
Ernie Sherstone,India,Spicy Dark Bites,19-Mar-23,$176.21,25
Jan Morforth,UK,Almond Delight,22-Aug-24,"$1,511.61",85
Kelci Walkden,New Zealand,Praline Hearts,23-Jul-23,"$1,549.86",53
Mallorie Waber,New Zealand,Toffee Biscuit,22-Sep-24,"$1,066.18",47
Oby Sorrel,India,Choco Coated Almonds,5-Dec-24,"$2,606.02",74
Kelci Walkden,USA,Smooth Silky Salty,3-Nov-23,"$1,140.69",22
Andria Kimpton,USA,Mint Chip Choco,2-Jun-23,$801.99,58
Barr Faughny,India,Mint Chip Choco,14-Jul-23,$288.96,43
Ernie Sherstone,Canada,Praline Hearts,23-May-23,"$2,427.18",90
Eliza Leatherhead,New Zealand,50% Dark Bites,3-Sep-24,$154.68,19
Brien Boise,India,Praline Hearts,26-Feb-23,"$1,861.52",28
Brien Boise,Canada,Sea Salt Caramel,12-May-24,"$1,647.72",100
Barr Faughny,USA,Choco Coated Almonds,20-Jan-23,$157.50,10
Pru Soles,Canada,Sea Salt Caramel,7-Jul-23,"$1,429.95",90
Husein Augar,India,Choco Coated Almonds,12-Apr-23,"$2,500.67",86
Eliza Leatherhead,UK,50% Dark Bites,13-Jun-24,"$1,116.49",61
Karlen McCaffrey,Canada,Peanut Butter Cups,29-Dec-24,"$3,427.85",113
Wilone OKielt,USA,Sea Salt Caramel,26-Aug-23,"$3,352.54",84
Kania Dobrovolski,India,Sea Salt Caramel,28-Mar-24,$533.08,41
Barr Faughny,USA,Truffle Collection,23-Oct-24,"$1,034.96",54
Ches Bonnell,New Zealand,Praline Hearts,22-Jul-23,$480.07,14
Curtice Advani,New Zealand,Sea Salt Caramel,10-Feb-24,"$4,090.30",131
Curtice Advani,India,Sea Salt Caramel,2-Dec-24,$610.70,19
Husein Augar,Australia,Raspberry Choco,10-Jan-24,$618.69,38
Pru Soles,India,Toffee Biscuit,31-May-24,$296.92,51
Karlen McCaffrey,India,Caramel Swirls,9-Mar-24,"$2,087.12",103
Gunar Cockshoot,USA,Peanut Butter Cups,12-Apr-23,$602.06,36
Oby Sorrel,New Zealand,Raspberry Choco,27-Apr-24,"$1,134.14",45
Curtice Advani,India,Almond Delight,31-Mar-24,$298.47,11
Wilone OKielt,New Zealand,Caramel Swirls,28-Jul-23,$907.60,35
Curtice Advani,UK,Spicy Dark Bites,17-May-24,"$4,744.03",362
Brien Boise,Canada,Sea Salt Caramel,11-Oct-23,"$5,075.97",143
Barr Faughny,New Zealand,Sea Salt Caramel,24-Oct-24,$498.83,46
Andria Kimpton,India,Praline Hearts,17-Jan-23,$292.52,10
Kania Dobrovolski,Canada,Smooth Silky Salty,18-May-24,"$1,880.69",78
Eliza Leatherhead,USA,Peanut Butter Cups,25-Mar-24,$230.38,22
Kania Dobrovolski,USA,Caramel Swirls,29-Oct-24,"$1,357.72",84
Karlen McCaffrey,New Zealand,Toffee Biscuit,14-Mar-24,$525.58,39
Kelci Walkden,Australia,Truffle Collection,1-Apr-24,"$2,161.86",29
Gunar Cockshoot,UK,Spicy Dark Bites,22-Jan-24,"$1,890.55",110
Jan Morforth,USA,Almond Delight,20-Jul-24,"$1,861.43",285
Husein Augar,New Zealand,Smooth Silky Salty,2-May-24,"$5,531.04",189
Marney Dwyer,UK,Spicy Dark Bites,8-Nov-24,$372.83,11
Brien Boise,UK,Coconut Clusters,27-Feb-23,"$3,228.23",59
Zaria Ambler,New Zealand,White Choc,7-Nov-24,"$1,375.79",76
Dotty Strutley,USA,50% Dark Bites,27-Jul-23,$726.01,76
Andria Kimpton,USA,Mint Chip Choco,28-Sep-23,$212.73,17
Husein Augar,USA,Truffle Collection,9-Nov-24,"$4,748.60",64
Ernie Sherstone,UK,Peanut Butter Cups,1-Nov-24,"$1,538.20",136
Dotty Strutley,USA,Eclairs,16-Apr-24,$977.16,47
Kelci Walkden,Australia,Sea Salt Caramel,26-Aug-24,"$1,178.32",53
Rafaelita Blaksland,New Zealand,Caramel Swirls,21-Sep-24,$480.16,21
Kelci Walkden,USA,Smooth Silky Salty,6-Jan-23,$837.93,17
Ernie Sherstone,India,Toffee Biscuit,13-Dec-24,$816.15,49
Ernie Sherstone,New Zealand,Peanut Butter Cups,26-Mar-23,$377.13,41
Kania Dobrovolski,New Zealand,Milk Choco Drops,3-Apr-24,$221.17,47
Kelci Walkden,UK,Milk Choco Drops,1-Jul-24,$958.63,110
Marney Dwyer,UK,Peanut Butter Cups,23-Aug-24,$395.59,22
Husein Augar,India,Spicy Dark Bites,13-Feb-23,"$1,219.33",63
Van Tuxwell,India,Raspberry Choco,24-Jul-23,"$1,486.94",114
Gunar Cockshoot,Canada,Coconut Clusters,23-Dec-23,$693.49,23
Zaria Ambler,New Zealand,Eclairs,14-Jun-23,$487.73,69
Andria Kimpton,Canada,Raspberry Choco,29-May-23,$219.47,17
Dotty Strutley,Australia,Milk Choco Drops,4-Apr-23,"$1,789.31",184
Eliza Leatherhead,USA,White Choc,17-Nov-23,"$3,594.57",157
Kelci Walkden,Canada,Caramel Swirls,6-Mar-24,"$4,205.16",90
Andria Kimpton,UK,Smooth Silky Salty,11-Feb-24,"$1,207.93",50
Dotty Strutley,India,Praline Hearts,21-Mar-24,$632.74,39
Van Tuxwell,UK,Sea Salt Caramel,4-Dec-24,"$3,096.58",93
Dotty Strutley,UK,Praline Hearts,22-Feb-23,$214.46,10
Curtice Advani,India,50% Dark Bites,8-May-23,"$5,436.62",322
Brien Boise,Canada,50% Dark Bites,28-Sep-24,"$1,258.24",43
Andria Kimpton,New Zealand,White Choc,22-Aug-23,$354.75,41
Kelci Walkden,India,Coconut Clusters,21-Aug-23,$793.39,33
Kelci Walkden,Australia,Milk Choco Drops,2-Oct-24,$910.59,44
Oby Sorrel,Australia,50% Dark Bites,5-Sep-24,"$5,659.64",222
Pru Soles,New Zealand,50% Dark Bites,4-Mar-23,"$1,905.54",124
Husein Augar,UK,85% Dark Bars,22-Apr-24,$514.90,15
Curtice Advani,New Zealand,Truffle Collection,1-Mar-24,"$8,953.00",263
Andria Kimpton,Canada,Sea Salt Caramel,22-Jan-24,"$1,452.78",83
Ernie Sherstone,New Zealand,Orange Cream Bars,12-Mar-23,$339.91,37
Oby Sorrel,India,Choco Coated Almonds,15-Mar-24,$452.46,28
Andria Kimpton,New Zealand,Smooth Silky Salty,19-Aug-24,$341.46,30
Mallorie Waber,India,Spicy Dark Bites,1-Nov-23,"$11,339.03",303
Wilone OKielt,UK,Smooth Silky Salty,10-Jun-24,"$1,493.37",65
Gunar Cockshoot,New Zealand,Spicy Dark Bites,5-Jul-23,$352.86,21
Andria Kimpton,New Zealand,Almond Delight,30-Jan-23,$898.45,139
Andria Kimpton,Canada,85% Dark Bars,26-Oct-23,$480.73,34
Barr Faughny,Canada,Hazelnut Crunch,27-Feb-24,"$1,704.72",42
Jan Morforth,USA,Raspberry Choco,29-Sep-23,$394.10,21
Oby Sorrel,USA,Raspberry Choco,15-Apr-23,$735.68,35
Kelci Walkden,UK,Sea Salt Caramel,30-May-23,"$1,134.29",35
Andria Kimpton,USA,Orange Cream Bars,2-Sep-23,"$1,364.75",122
Barr Faughny,New Zealand,Truffle Collection,3-Nov-23,"$7,807.17",140
Jan Morforth,UK,Smooth Silky Salty,13-Oct-23,"$2,815.61",142
Jan Morforth,USA,Choco Coated Almonds,24-Aug-24,"$1,187.29",98
Kania Dobrovolski,India,Smooth Silky Salty,4-Sep-24,"$7,312.13",465
Rafaelita Blaksland,New Zealand,Caramel Swirls,30-Jan-23,$292.90,19
Barr Faughny,UK,Milk Choco Drops,11-Jul-24,$177.91,24
Kania Dobrovolski,USA,Truffle Collection,1-Apr-24,"$9,087.89",290
Karlen McCaffrey,India,White Choc,22-Aug-23,$840.70,68
Brien Boise,UK,Smooth Silky Salty,8-Mar-24,"$1,863.67",99
Van Tuxwell,Australia,Toffee Biscuit,8-Aug-24,$841.93,93
Eliza Leatherhead,New Zealand,Smooth Silky Salty,19-Mar-23,$215.39,22
Kelci Walkden,Canada,Toffee Biscuit,3-Oct-23,"$3,689.06",133
Wilone OKielt,Australia,Choco Coated Almonds,18-Jan-24,"$9,089.64",208
Dennison Crosswaite,Canada,50% Dark Bites,2-May-23,"$1,127.80",45
Karlen McCaffrey,UK,Praline Hearts,10-Dec-24,"$8,621.10",141
Ches Bonnell,India,Sea Salt Caramel,26-Jun-23,$963.23,59
Wilone OKielt,Canada,Sea Salt Caramel,22-Jun-24,"$2,517.34",87
Kelci Walkden,New Zealand,Peanut Butter Cups,22-May-23,"$1,425.60",71
Zaria Ambler,Canada,50% Dark Bites,15-Jul-24,$250.65,32
Kelci Walkden,USA,Mint Chip Choco,3-Feb-23,$671.39,22
Ernie Sherstone,UK,Eclairs,7-Dec-24,$598.91,22
Mallorie Waber,New Zealand,Hazelnut Crunch,22-Apr-23,"$1,153.62",31
Rafaelita Blaksland,New Zealand,Caramel Swirls,25-Mar-23,"$2,231.71",94
Brien Boise,Australia,Smooth Silky Salty,14-Jan-23,"$2,075.50",65
Dotty Strutley,New Zealand,Coconut Clusters,15-May-24,$196.67,27
Jan Morforth,Australia,Peanut Butter Cups,4-Mar-24,"$2,463.99",136
Pru Soles,USA,Truffle Collection,26-Apr-23,"$2,239.54",96
Kelci Walkden,Australia,Orange Cream Bars,28-Apr-23,$719.43,20
Kelci Walkden,UK,Almond Delight,4-Jan-24,$782.20,31
Gunar Cockshoot,Australia,Raspberry Choco,29-Nov-24,$294.58,12
Karlen McCaffrey,Canada,White Choc,5-Jul-23,$503.78,50
Eliza Leatherhead,USA,Sea Salt Caramel,11-Apr-23,"$3,788.56",109
Kania Dobrovolski,Australia,Milk Choco Drops,20-Oct-23,$529.41,54
Gunar Cockshoot,New Zealand,Mint Chip Choco,10-May-24,"$6,698.05",327
Dennison Crosswaite,Australia,Coconut Clusters,23-Feb-24,"$6,631.60",188
Pru Soles,Canada,Toffee Biscuit,15-May-23,$234.85,15
Kelci Walkden,Australia,Caramel Swirls,16-Oct-24,"$1,221.30",36
Brien Boise,Canada,Caramel Swirls,29-Mar-24,$776.79,51
Ches Bonnell,Australia,Almond Delight,2-Jul-24,"$1,494.76",110
Ernie Sherstone,UK,Milk Choco Drops,13-Apr-23,$216.48,16
Dotty Strutley,Australia,Spicy Dark Bites,5-Feb-23,"$1,659.19",84
Dennison Crosswaite,USA,Truffle Collection,15-Dec-24,"$2,157.64",52
Ernie Sherstone,New Zealand,Milk Choco Drops,4-Apr-23,$185.08,19
Kelci Walkden,India,Orange Cream Bars,11-Jul-23,"$1,652.97",98
Beverie Moffet,New Zealand,Choco Coated Almonds,28-Sep-23,"$1,179.70",102
Dennison Crosswaite,New Zealand,White Choc,16-Oct-24,"$1,083.36",115
Mallorie Waber,New Zealand,Smooth Silky Salty,3-Dec-23,$647.55,26
Wilone OKielt,Canada,Almond Delight,17-Feb-24,"$5,629.60",164
Wilone OKielt,Australia,Sea Salt Caramel,18-Aug-23,"$3,387.28",92
Pru Soles,Australia,Sea Salt Caramel,3-Feb-24,$473.94,14
Beverie Moffet,UK,Orange Cream Bars,22-Oct-24,$145.28,18
Pru Soles,Australia,White Choc,21-Feb-23,$436.77,40
Pru Soles,Canada,Sea Salt Caramel,14-Dec-23,"$1,695.55",80
Rafaelita Blaksland,India,Truffle Collection,29-Oct-24,$866.23,30
Ernie Sherstone,Canada,Coconut Clusters,7-Dec-24,"$4,155.59",146
Marney Dwyer,UK,Praline Hearts,1-Jun-23,$624.47,20
Mallorie Waber,New Zealand,Orange Cream Bars,21-Apr-23,$485.74,42
Andria Kimpton,New Zealand,Peanut Butter Cups,8-Jan-24,"$3,751.38",388
Rafaelita Blaksland,USA,Peanut Butter Cups,14-Feb-24,$563.22,50
Ches Bonnell,USA,Orange Cream Bars,1-Apr-24,$402.30,46
Gunar Cockshoot,New Zealand,85% Dark Bars,16-Jun-23,$573.14,42
Mallorie Waber,India,Hazelnut Crunch,6-Apr-24,$956.17,27
Kelci Walkden,USA,Truffle Collection,25-Dec-24,"$7,081.94",160
Brien Boise,UK,Hazelnut Crunch,21-Jun-23,"$4,744.01",111
Wilone OKielt,USA,Almond Delight,1-Nov-24,"$3,400.09",59
Marney Dwyer,USA,Toffee Biscuit,11-Mar-23,$781.14,74
Husein Augar,UK,Orange Cream Bars,19-Sep-24,"$1,847.38",199
Mallorie Waber,USA,Hazelnut Crunch,25-Jun-23,$244.54,12
Zaria Ambler,New Zealand,Smooth Silky Salty,14-Nov-23,"$4,390.13",175
Karlen McCaffrey,Canada,Mint Chip Choco,15-Jul-24,"$2,042.21",240
Brien Boise,India,Raspberry Choco,10-Jul-23,$264.02,23
Van Tuxwell,New Zealand,Coconut Clusters,14-Nov-23,"$4,176.98",206
Oby Sorrel,UK,Hazelnut Crunch,16-Apr-23,"$1,611.36",48
Ernie Sherstone,Australia,Praline Hearts,1-Nov-24,"$2,111.63",68
Eliza Leatherhead,Canada,85% Dark Bars,5-Sep-23,"$1,895.30",156
Kania Dobrovolski,Canada,Truffle Collection,6-Oct-24,$460.52,15
Wilone OKielt,India,50% Dark Bites,10-Mar-23,$646.70,32
Husein Augar,Canada,Caramel Swirls,30-Apr-23,"$1,073.46",46
Dotty Strutley,Canada,White Choc,30-May-23,"$1,529.72",112
Barr Faughny,Australia,Eclairs,9-Aug-23,"$5,570.20",274
Pru Soles,USA,Choco Coated Almonds,1-Oct-23,"$1,130.04",49
Marney Dwyer,New Zealand,Eclairs,1-Feb-23,"$1,664.34",47
Dotty Strutley,New Zealand,Peanut Butter Cups,20-Mar-23,"$1,144.60",88
Zaria Ambler,India,Caramel Swirls,3-Feb-23,"$7,148.62",225
Husein Augar,Australia,Almond Delight,4-Jul-24,"$3,787.91",150
Marney Dwyer,UK,Praline Hearts,20-Sep-24,"$4,342.73",94
Gunar Cockshoot,USA,Almond Delight,29-Jun-23,"$1,310.40",123
Ernie Sherstone,USA,85% Dark Bars,14-Feb-23,"$2,003.26",90
Kelci Walkden,India,Raspberry Choco,13-Apr-24,"$1,267.88",37
Oby Sorrel,USA,Milk Choco Drops,16-Jan-24,$189.36,14
Curtice Advani,UK,Almond Delight,26-Mar-23,"$3,647.29",220
Jan Morforth,Australia,Orange Cream Bars,28-May-23,"$3,506.96",340
Jan Morforth,UK,Peanut Butter Cups,11-Mar-23,$469.70,35
Rafaelita Blaksland,Australia,Smooth Silky Salty,1-Jun-24,$388.31,38
Wilone OKielt,Canada,Caramel Swirls,1-Sep-24,"$4,845.53",155
Husein Augar,USA,85% Dark Bars,5-Mar-24,"$3,672.91",207
Zaria Ambler,India,Sea Salt Caramel,18-Feb-24,"$1,729.24",57
Brien Boise,Australia,Caramel Swirls,10-Dec-24,$488.83,10
Ches Bonnell,New Zealand,85% Dark Bars,20-Sep-24,$196.21,13
Kelci Walkden,Australia,Orange Cream Bars,4-Mar-23,"$2,512.40",97
Brien Boise,New Zealand,Toffee Biscuit,17-Apr-23,$229.76,24
Eliza Leatherhead,Australia,Peanut Butter Cups,1-Jun-23,$841.67,35
Andria Kimpton,New Zealand,Almond Delight,16-Sep-24,"$1,339.98",87
Ches Bonnell,UK,Eclairs,28-Apr-24,$557.10,31
Pru Soles,New Zealand,Mint Chip Choco,10-Feb-23,"$1,756.23",90
Ches Bonnell,Canada,Caramel Swirls,5-Aug-23,$405.81,28
Rafaelita Blaksland,New Zealand,Caramel Swirls,22-Dec-24,$272.93,11
Ches Bonnell,UK,Caramel Swirls,4-Feb-24,"$6,414.03",237
Marney Dwyer,Canada,Eclairs,30-Sep-23,"$2,922.15",230
Van Tuxwell,New Zealand,Caramel Swirls,16-Feb-23,$466.23,15
Mallorie Waber,UK,Toffee Biscuit,14-Dec-24,"$2,544.94",68
Curtice Advani,New Zealand,Milk Choco Drops,8-Jul-24,$756.06,87
Zaria Ambler,India,Sea Salt Caramel,16-Feb-23,"$1,711.61",58
Husein Augar,UK,Sea Salt Caramel,24-Apr-23,$730.33,17
Rafaelita Blaksland,USA,Milk Choco Drops,20-Mar-24,$204.37,30
Gunar Cockshoot,India,85% Dark Bars,14-Dec-23,"$7,444.03",213
Van Tuxwell,Canada,Spicy Dark Bites,23-Oct-24,"$3,590.00",180
Zaria Ambler,New Zealand,85% Dark Bars,8-Oct-23,$168.36,14
Eliza Leatherhead,Australia,Choco Coated Almonds,25-Jul-23,"$1,048.48",41
Kelci Walkden,USA,Milk Choco Drops,18-Apr-23,"$1,929.63",84
Kania Dobrovolski,UK,Milk Choco Drops,10-Apr-23,$71.71,12
Ches Bonnell,New Zealand,Praline Hearts,24-Aug-24,"$1,685.04",118
Mallorie Waber,India,Praline Hearts,22-May-23,"$2,237.81",127
Dennison Crosswaite,Australia,Coconut Clusters,6-Apr-23,"$2,717.68",174
Pru Soles,Canada,Praline Hearts,30-Jun-24,$242.40,15
Ernie Sherstone,Australia,White Choc,26-Jul-24,$737.83,67
Pru Soles,Australia,Orange Cream Bars,21-Mar-23,$674.61,45
Dotty Strutley,Canada,Raspberry Choco,6-Jan-24,$962.92,97
Husein Augar,India,Smooth Silky Salty,25-May-23,"$1,063.80",66
Kelci Walkden,UK,Peanut Butter Cups,22-Mar-23,"$1,740.34",77
Pru Soles,New Zealand,Almond Delight,5-May-24,"$1,456.99",90
Curtice Advani,USA,Peanut Butter Cups,11-Jun-24,"$2,622.41",96
Beverie Moffet,Australia,Choco Coated Almonds,27-Sep-23,"$5,336.48",269
Ernie Sherstone,India,White Choc,19-Mar-24,"$1,664.75",135
Gunar Cockshoot,Canada,Smooth Silky Salty,16-Feb-23,"$3,179.41",82
Andria Kimpton,India,Coconut Clusters,7-Feb-23,"$2,766.38",177
Ernie Sherstone,India,Toffee Biscuit,17-Mar-23,$757.21,62
Ches Bonnell,New Zealand,Orange Cream Bars,4-Aug-24,"$2,447.37",129
Marney Dwyer,India,Milk Choco Drops,23-May-23,$720.85,74
Karlen McCaffrey,India,White Choc,5-Apr-24,$203.70,15
Gunar Cockshoot,Canada,Milk Choco Drops,17-Jul-24,$748.16,79
Dotty Strutley,India,Raspberry Choco,24-Aug-23,$980.32,61
Beverie Moffet,UK,Toffee Biscuit,27-Mar-24,$623.68,42
Husein Augar,USA,Eclairs,16-Aug-23,"$1,713.96",85
Dotty Strutley,UK,Caramel Swirls,2-Dec-23,$288.19,12
Kelci Walkden,New Zealand,Spicy Dark Bites,25-Dec-24,$489.86,17
Kania Dobrovolski,Canada,Hazelnut Crunch,7-Nov-23,"$3,128.32",137
Husein Augar,Canada,Spicy Dark Bites,22-Apr-24,$124.57,12
Kania Dobrovolski,New Zealand,Hazelnut Crunch,13-Apr-24,"$1,831.55",155
Zaria Ambler,India,Hazelnut Crunch,28-Nov-24,"$1,764.69",147
Karlen McCaffrey,Canada,Coconut Clusters,27-Sep-23,"$1,234.17",99
Andria Kimpton,Australia,Caramel Swirls,19-Jul-23,"$1,686.57",145
Barr Faughny,Canada,Smooth Silky Salty,14-May-24,$979.86,43
Dotty Strutley,UK,Spicy Dark Bites,25-Nov-23,$665.76,40
Rafaelita Blaksland,Canada,Almond Delight,26-Jan-24,$402.49,56
Van Tuxwell,India,Coconut Clusters,14-Oct-23,"$1,252.24",55
Barr Faughny,Australia,Almond Delight,27-Sep-23,"$1,153.32",55
Dennison Crosswaite,Canada,Truffle Collection,13-Sep-24,$980.29,23
Marney Dwyer,Australia,Peanut Butter Cups,26-Sep-24,$806.92,20
Gunar Cockshoot,Australia,85% Dark Bars,25-Aug-24,"$2,490.72",68
Andria Kimpton,UK,Orange Cream Bars,27-Dec-24,"$4,185.19",185
Pru Soles,USA,Hazelnut Crunch,12-Aug-24,"$5,310.01",168
Kelci Walkden,USA,Peanut Butter Cups,22-Feb-23,$786.12,16
Beverie Moffet,Canada,Orange Cream Bars,15-Jun-23,$204.34,37
Husein Augar,USA,Coconut Clusters,9-Jun-23,$561.40,34
Curtice Advani,Australia,85% Dark Bars,27-Dec-24,"$2,558.68",50
Husein Augar,UK,Praline Hearts,20-Jul-23,"$3,846.52",95
Brien Boise,UK,White Choc,3-Dec-24,$814.04,24
Karlen McCaffrey,UK,Praline Hearts,4-Aug-23,"$9,931.68",298
Gunar Cockshoot,UK,Praline Hearts,6-Sep-23,"$1,168.08",35
Eliza Leatherhead,India,Coconut Clusters,23-Dec-24,"$1,352.47",92
Van Tuxwell,New Zealand,Eclairs,14-Jul-23,"$1,128.15",80
Ches Bonnell,India,White Choc,1-Aug-23,$465.01,51
Marney Dwyer,UK,Eclairs,28-Dec-24,"$8,450.94",280
Pru Soles,USA,Milk Choco Drops,2-Apr-24,$566.74,57
Marney Dwyer,New Zealand,Coconut Clusters,17-May-23,$402.21,28
Dotty Strutley,USA,Eclairs,25-Oct-23,$284.32,13
Curtice Advani,India,Hazelnut Crunch,15-Sep-24,$964.28,58
Brien Boise,Australia,Orange Cream Bars,13-Oct-24,$805.74,26
Dennison Crosswaite,India,Eclairs,4-Jun-23,$614.92,37
Ernie Sherstone,UK,Hazelnut Crunch,22-Mar-24,"$3,326.75",186
Mallorie Waber,UK,Caramel Swirls,8-Apr-24,"$1,333.98",51
Zaria Ambler,Canada,Orange Cream Bars,17-Jan-24,$371.84,22
Ernie Sherstone,USA,85% Dark Bars,22-Mar-24,$205.43,12
Andria Kimpton,UK,White Choc,20-Jan-23,$627.04,41
Barr Faughny,USA,Orange Cream Bars,20-Sep-23,"$2,229.71",146
Kelci Walkden,USA,Milk Choco Drops,20-May-23,"$7,257.12",307
Gunar Cockshoot,Australia,Toffee Biscuit,28-Jun-23,$283.97,16
Wilone OKielt,India,Truffle Collection,21-Oct-23,"$3,867.07",119
Jan Morforth,USA,Truffle Collection,13-Aug-24,"$2,293.11",62
Beverie Moffet,India,Milk Choco Drops,12-Jun-24,$532.63,84
Eliza Leatherhead,UK,Toffee Biscuit,11-Dec-23,"$3,592.80",127
Karlen McCaffrey,Canada,Truffle Collection,20-Feb-24,"$3,848.30",62
Brien Boise,USA,Almond Delight,14-Jan-24,"$5,312.79",268
Ches Bonnell,UK,Choco Coated Almonds,13-Sep-23,"$1,000.70",26
Dotty Strutley,Australia,Caramel Swirls,28-Aug-23,$688.72,28
Marney Dwyer,Canada,Peanut Butter Cups,2-Apr-23,"$2,766.33",122
Jan Morforth,India,White Choc,2-Jul-24,$805.57,199
Kelci Walkden,UK,Hazelnut Crunch,4-Aug-24,"$2,282.97",65
Kania Dobrovolski,Australia,50% Dark Bites,28-May-24,"$1,135.29",123
Andria Kimpton,Canada,Peanut Butter Cups,17-Aug-24,"$1,474.26",77
Jan Morforth,Australia,Coconut Clusters,20-Jan-23,$951.29,47
Curtice Advani,Australia,Caramel Swirls,19-Oct-24,"$2,936.26",90
Pru Soles,UK,Peanut Butter Cups,29-May-24,$173.30,19
Andria Kimpton,New Zealand,Truffle Collection,6-Apr-23,$905.84,25
Karlen McCaffrey,USA,Eclairs,20-Jul-24,$340.82,16
Kania Dobrovolski,USA,Smooth Silky Salty,15-Feb-24,$256.28,13
Kania Dobrovolski,New Zealand,Milk Choco Drops,16-Apr-24,"$1,414.61",144
Pru Soles,New Zealand,White Choc,17-Jun-24,"$1,071.67",219
Husein Augar,UK,Spicy Dark Bites,11-Sep-23,$982.87,43
Jan Morforth,UK,Coconut Clusters,24-Mar-23,"$1,255.60",65
Van Tuxwell,Canada,Toffee Biscuit,3-Jul-24,"$2,480.46",288
Marney Dwyer,Canada,Sea Salt Caramel,10-Oct-23,"$3,162.12",76
Pru Soles,USA,Hazelnut Crunch,16-Sep-23,$237.24,21
Brien Boise,India,Praline Hearts,16-Mar-23,"$3,232.85",73
Andria Kimpton,Canada,Truffle Collection,24-May-23,"$1,093.08",57
Van Tuxwell,India,Orange Cream Bars,14-Apr-24,$619.45,85
Beverie Moffet,Canada,Milk Choco Drops,11-Jun-24,$404.20,123
Wilone OKielt,Australia,Milk Choco Drops,5-Dec-24,$937.79,45
Ches Bonnell,New Zealand,Sea Salt Caramel,18-Jun-24,"$2,361.00",171
Wilone OKielt,UK,Eclairs,28-Oct-23,"$1,484.97",70
Mallorie Waber,India,Choco Coated Almonds,19-Mar-23,"$3,779.39",198
Ches Bonnell,New Zealand,Mint Chip Choco,19-Dec-24,$990.85,92
Andria Kimpton,Canada,Raspberry Choco,29-Jun-23,$297.91,29
Gunar Cockshoot,Australia,Peanut Butter Cups,11-Jul-23,"$1,358.93",99
Beverie Moffet,USA,White Choc,5-Nov-24,"$1,968.41",201
Zaria Ambler,USA,Peanut Butter Cups,25-Feb-23,$996.70,73
Wilone OKielt,New Zealand,Mint Chip Choco,8-May-24,$442.96,29
Pru Soles,India,Orange Cream Bars,9-Nov-23,$378.74,34
Marney Dwyer,Canada,Spicy Dark Bites,24-Dec-23,"$3,507.83",209
Andria Kimpton,India,50% Dark Bites,7-Jan-23,"$1,443.21",139
Oby Sorrel,India,Eclairs,31-Mar-23,$263.30,15
Andria Kimpton,USA,Milk Choco Drops,16-May-23,$149.71,19
Andria Kimpton,New Zealand,Orange Cream Bars,12-Jan-23,"$1,335.17",128
Ches Bonnell,New Zealand,Smooth Silky Salty,24-Apr-23,$859.39,56
Curtice Advani,Canada,Raspberry Choco,17-Oct-24,"$1,096.89",84
Kelci Walkden,UK,Choco Coated Almonds,25-Sep-24,"$2,282.96",55
Rafaelita Blaksland,Australia,Hazelnut Crunch,18-Sep-24,"$3,682.14",180
Dotty Strutley,India,85% Dark Bars,21-Nov-23,$360.36,18
Beverie Moffet,India,Hazelnut Crunch,1-Jul-23,"$1,201.74",72
Barr Faughny,India,Almond Delight,10-Nov-23,$423.49,20
Mallorie Waber,UK,Smooth Silky Salty,13-Feb-24,"$3,832.24",82
Pru Soles,Australia,Milk Choco Drops,20-Dec-23,$881.15,98
Ernie Sherstone,Canada,50% Dark Bites,17-Nov-23,$788.56,79
Curtice Advani,Australia,Caramel Swirls,29-Dec-24,"$6,546.00",118
Husein Augar,Australia,Coconut Clusters,18-Aug-23,"$1,346.71",89
Dotty Strutley,New Zealand,Coconut Clusters,1-Jul-23,"$2,283.45",311
Dotty Strutley,Australia,50% Dark Bites,11-Oct-23,$689.78,48
Eliza Leatherhead,Australia,Smooth Silky Salty,22-Aug-24,"$6,736.38",274
Dennison Crosswaite,India,85% Dark Bars,2-Dec-24,"$2,869.69",131
Van Tuxwell,India,Coconut Clusters,26-Oct-24,$383.62,28
Rafaelita Blaksland,USA,Eclairs,2-Nov-23,"$3,261.38",186
Pru Soles,Australia,Mint Chip Choco,23-Mar-24,$414.33,45
Karlen McCaffrey,Canada,85% Dark Bars,27-Jul-23,"$3,844.68",107
Dotty Strutley,Canada,Milk Choco Drops,27-Jan-23,$295.05,47
Zaria Ambler,UK,Peanut Butter Cups,28-Jul-23,"$3,017.99",143
Karlen McCaffrey,Australia,Orange Cream Bars,9-Jul-24,"$4,625.30",188
Rafaelita Blaksland,India,Spicy Dark Bites,1-Jan-23,"$1,093.39",79
Jan Morforth,New Zealand,85% Dark Bars,20-Feb-23,$483.96,17
Van Tuxwell,Canada,Coconut Clusters,13-Jun-23,$976.28,91
Kelci Walkden,Australia,85% Dark Bars,27-Aug-23,"$2,728.61",75
Eliza Leatherhead,New Zealand,Coconut Clusters,3-Feb-24,"$2,255.37",120
Ernie Sherstone,USA,Almond Delight,2-Nov-24,$169.14,15
Husein Augar,Canada,Choco Coated Almonds,25-Aug-24,"$2,063.13",59
Oby Sorrel,Australia,Eclairs,17-Jun-24,"$5,555.83",269
Dennison Crosswaite,UK,Coconut Clusters,14-Aug-24,"$2,554.07",92
Curtice Advani,Canada,Milk Choco Drops,7-Feb-23,"$1,268.54",66
Dennison Crosswaite,New Zealand,Choco Coated Almonds,7-Dec-24,$592.06,17
Curtice Advani,USA,50% Dark Bites,5-Sep-23,$559.67,33
Oby Sorrel,India,Toffee Biscuit,10-Jan-24,$879.30,66
Kelci Walkden,UK,Raspberry Choco,22-Sep-23,"$7,627.76",294
Barr Faughny,New Zealand,Hazelnut Crunch,28-Dec-24,$721.71,20
Pru Soles,USA,Almond Delight,26-Mar-24,$295.10,19
Zaria Ambler,USA,Smooth Silky Salty,20-Jan-23,$954.30,30
Dotty Strutley,UK,Milk Choco Drops,3-Jan-24,$224.51,43
Husein Augar,India,White Choc,25-Oct-24,$638.21,64
Oby Sorrel,Australia,Truffle Collection,10-Sep-23,"$1,153.02",35
Jan Morforth,Canada,Mint Chip Choco,1-Aug-24,$508.83,59
Van Tuxwell,Canada,Peanut Butter Cups,18-Mar-23,"$2,408.45",261
Zaria Ambler,Australia,85% Dark Bars,19-Jun-24,"$1,053.73",80
Beverie Moffet,New Zealand,Praline Hearts,5-Oct-23,$320.41,12
Jan Morforth,UK,Praline Hearts,19-Dec-24,$708.76,17
Gunar Cockshoot,Australia,Sea Salt Caramel,21-Nov-24,"$3,236.55",80
Dennison Crosswaite,USA,Choco Coated Almonds,4-Apr-24,"$2,732.11",50
Curtice Advani,USA,85% Dark Bars,11-Mar-23,"$6,861.70",272
Kelci Walkden,USA,Mint Chip Choco,12-Mar-24,$438.70,28
Gunar Cockshoot,USA,Sea Salt Caramel,18-May-23,$817.26,36
Rafaelita Blaksland,USA,50% Dark Bites,15-May-23,$363.21,19
Dennison Crosswaite,Canada,Almond Delight,6-Apr-23,$371.57,20
Curtice Advani,USA,Spicy Dark Bites,15-Jan-24,"$4,785.75",173
Marney Dwyer,Canada,Spicy Dark Bites,12-May-23,$859.99,69
Eliza Leatherhead,USA,Caramel Swirls,2-Sep-24,"$3,312.26",195
Mallorie Waber,Australia,Peanut Butter Cups,19-Jul-24,"$1,089.25",38
Mallorie Waber,India,Peanut Butter Cups,20-Jan-24,"$2,505.24",80
Ernie Sherstone,Canada,Mint Chip Choco,27-Oct-24,"$2,245.81",143
Ches Bonnell,USA,85% Dark Bars,30-Jan-24,"$1,055.70",38
Andria Kimpton,New Zealand,85% Dark Bars,1-Oct-23,"$2,297.91",86
Beverie Moffet,Australia,Hazelnut Crunch,29-Dec-23,$682.40,46
Kania Dobrovolski,Canada,85% Dark Bars,13-Oct-23,$759.41,75
Eliza Leatherhead,India,Peanut Butter Cups,14-Dec-23,$724.72,45
Rafaelita Blaksland,New Zealand,Spicy Dark Bites,13-Dec-24,"$2,764.24",176
Wilone OKielt,USA,Toffee Biscuit,3-May-24,"$3,904.81",145
Andria Kimpton,New Zealand,Eclairs,8-Sep-23,$941.60,63
Curtice Advani,Australia,Choco Coated Almonds,16-Mar-24,"$1,376.43",26
Ches Bonnell,Canada,85% Dark Bars,8-Nov-24,$959.53,40
Zaria Ambler,USA,85% Dark Bars,18-Feb-24,"$7,331.64",194
Van Tuxwell,India,Spicy Dark Bites,22-Mar-23,$355.65,35
Kelci Walkden,UK,Choco Coated Almonds,25-Nov-23,$845.23,26
Ches Bonnell,New Zealand,Hazelnut Crunch,4-May-23,"$4,877.27",168
Husein Augar,India,Toffee Biscuit,12-Nov-23,"$2,722.34",137
Kania Dobrovolski,USA,Mint Chip Choco,29-Dec-24,"$1,342.60",55
Andria Kimpton,India,Raspberry Choco,20-Apr-23,$382.62,25
Oby Sorrel,Australia,Mint Chip Choco,2-Feb-24,"$7,559.03",500
Rafaelita Blaksland,USA,85% Dark Bars,25-Dec-24,"$1,058.02",35
Jan Morforth,USA,Hazelnut Crunch,30-May-23,"$2,943.69",141
Rafaelita Blaksland,Australia,85% Dark Bars,26-Dec-24,"$2,517.31",62
Jan Morforth,Australia,Coconut Clusters,22-Jan-24,$227.76,27
Oby Sorrel,New Zealand,Milk Choco Drops,18-Nov-24,$263.15,20
Dennison Crosswaite,Australia,Coconut Clusters,28-Nov-23,"$2,766.83",63
Kania Dobrovolski,USA,Sea Salt Caramel,27-Mar-24,"$3,296.08",240
Curtice Advani,Australia,Peanut Butter Cups,9-Jul-23,"$1,084.76",34
Gunar Cockshoot,New Zealand,85% Dark Bars,13-Apr-23,$800.14,36
Jan Morforth,USA,Peanut Butter Cups,20-Nov-24,"$1,425.03",70
Jan Morforth,Canada,Smooth Silky Salty,29-Dec-24,"$2,311.76",230
Ernie Sherstone,New Zealand,White Choc,9-Nov-24,$683.26,37
Jan Morforth,New Zealand,50% Dark Bites,13-Jan-23,$340.97,33
Husein Augar,New Zealand,Eclairs,13-Nov-23,"$9,963.22",289
Rafaelita Blaksland,India,Coconut Clusters,3-Jul-24,"$1,726.75",131
Barr Faughny,India,Eclairs,10-Feb-24,$940.41,83
Mallorie Waber,Australia,Sea Salt Caramel,10-Jan-24,"$2,216.17",86
Brien Boise,India,Praline Hearts,27-May-23,"$3,902.76",124
Husein Augar,Australia,Mint Chip Choco,4-Sep-23,$612.23,26
Andria Kimpton,USA,Smooth Silky Salty,20-Oct-24,"$2,083.30",144
Van Tuxwell,Canada,Hazelnut Crunch,19-Sep-24,"$4,112.38",285
Gunar Cockshoot,India,Coconut Clusters,6-Dec-23,"$3,633.80",116
Zaria Ambler,USA,Praline Hearts,25-Mar-23,"$4,814.78",113
Gunar Cockshoot,India,Truffle Collection,1-Jul-23,$636.21,16
Curtice Advani,Australia,Choco Coated Almonds,20-Feb-23,"$2,721.39",99
Husein Augar,Australia,Peanut Butter Cups,18-Oct-23,$562.89,20
Van Tuxwell,India,White Choc,11-Sep-23,$172.97,20
Pru Soles,New Zealand,Coconut Clusters,16-Mar-23,$464.80,32
Rafaelita Blaksland,Canada,Choco Coated Almonds,10-May-24,"$1,017.75",36
Beverie Moffet,New Zealand,85% Dark Bars,13-Nov-24,$693.56,37
Zaria Ambler,Australia,Truffle Collection,3-Apr-23,"$4,141.17",87
Dotty Strutley,Australia,Praline Hearts,28-Nov-24,$719.51,15
Marney Dwyer,India,Praline Hearts,5-May-24,"$6,995.05",211
Jan Morforth,New Zealand,Peanut Butter Cups,19-Jun-23,$200.64,17
Eliza Leatherhead,Australia,Peanut Butter Cups,22-Mar-23,$731.42,29
Zaria Ambler,Australia,50% Dark Bites,8-Nov-24,$321.57,20
Pru Soles,New Zealand,Orange Cream Bars,16-Jun-23,$344.87,49
Ernie Sherstone,Australia,Peanut Butter Cups,27-Dec-24,$863.16,47
Van Tuxwell,Canada,Orange Cream Bars,21-Dec-24,$672.26,48
Gunar Cockshoot,Australia,Milk Choco Drops,2-Jun-23,"$2,063.29",191
Curtice Advani,Canada,Hazelnut Crunch,23-Feb-24,"$2,039.26",42
Gunar Cockshoot,India,Truffle Collection,22-Mar-23,"$1,167.93",31
Gunar Cockshoot,Australia,Orange Cream Bars,20-Nov-23,"$2,521.31",87
Jan Morforth,USA,Milk Choco Drops,31-Oct-24,"$1,021.42",88
Gunar Cockshoot,India,Orange Cream Bars,13-Aug-23,"$1,667.65",114
Marney Dwyer,UK,White Choc,13-Feb-23,"$4,822.08",167
Zaria Ambler,UK,Almond Delight,22-Jun-24,"$3,454.82",156
Mallorie Waber,New Zealand,85% Dark Bars,10-Nov-23,"$3,149.56",54
Rafaelita Blaksland,India,Truffle Collection,21-Dec-24,"$3,190.06",88
Eliza Leatherhead,New Zealand,Mint Chip Choco,5-Oct-24,$252.89,19
Dotty Strutley,Australia,Toffee Biscuit,6-Jul-23,$573.69,34
Mallorie Waber,UK,Caramel Swirls,11-May-23,"$8,600.11",283
Andria Kimpton,New Zealand,85% Dark Bars,8-May-24,"$1,192.24",67
Andria Kimpton,Australia,Eclairs,16-Jul-24,$151.96,15
Zaria Ambler,Australia,Hazelnut Crunch,16-Sep-24,"$1,369.39",41
Beverie Moffet,Canada,50% Dark Bites,17-Feb-23,$225.02,23
Gunar Cockshoot,Canada,85% Dark Bars,3-Dec-23,"$1,418.63",31
Van Tuxwell,USA,Raspberry Choco,12-Mar-23,$470.64,17
Eliza Leatherhead,India,Smooth Silky Salty,29-Jun-24,"$2,966.91",141
Beverie Moffet,Canada,Mint Chip Choco,8-Jun-23,$170.89,16
Pru Soles,Canada,Spicy Dark Bites,14-Nov-24,$116.49,13
Beverie Moffet,Australia,Truffle Collection,22-Sep-23,"$5,472.76",144
Brien Boise,USA,Hazelnut Crunch,26-Jan-24,"$7,569.12",148
Van Tuxwell,India,Coconut Clusters,4-Dec-24,"$1,002.60",36
Kelci Walkden,Australia,Coconut Clusters,10-Jan-23,"$6,899.29",165
Ches Bonnell,New Zealand,Truffle Collection,11-Aug-24,"$7,572.39",240
Wilone OKielt,UK,Peanut Butter Cups,2-Dec-23,"$4,843.69",89
Andria Kimpton,India,Praline Hearts,7-Jan-23,"$2,158.24",73
Eliza Leatherhead,Canada,50% Dark Bites,26-Sep-24,$113.01,16
Dennison Crosswaite,UK,Praline Hearts,12-Dec-24,"$30,339.23",401
Pru Soles,Australia,Sea Salt Caramel,20-Jun-23,"$1,476.53",133
Husein Augar,Canada,Coconut Clusters,19-May-23,"$5,021.43",152
Wilone OKielt,Australia,Coconut Clusters,1-Jan-23,"$4,335.12",103
Andria Kimpton,Australia,Praline Hearts,2-Nov-23,"$3,823.64",169
Eliza Leatherhead,Australia,Caramel Swirls,8-Mar-24,$458.29,15
Curtice Advani,Canada,Spicy Dark Bites,26-Dec-23,$209.32,13
Kelci Walkden,India,Milk Choco Drops,10-Apr-24,"$2,265.79",109
Dotty Strutley,USA,Peanut Butter Cups,18-Jan-24,$639.14,50
Dotty Strutley,New Zealand,Hazelnut Crunch,11-Sep-23,$602.94,44
Ches Bonnell,India,Spicy Dark Bites,6-Dec-24,"$1,413.04",86
Kelci Walkden,UK,Sea Salt Caramel,16-Feb-23,"$4,017.53",87
Pru Soles,New Zealand,Hazelnut Crunch,8-Feb-23,"$1,054.45",34
Dotty Strutley,Canada,Spicy Dark Bites,15-Oct-24,"$1,658.25",134
Dotty Strutley,New Zealand,Smooth Silky Salty,1-Jul-23,$908.26,98
Dotty Strutley,New Zealand,Toffee Biscuit,11-Jun-23,"$1,088.58",123
Oby Sorrel,USA,Orange Cream Bars,8-Apr-24,$409.55,36
Brien Boise,Australia,Sea Salt Caramel,2-Aug-24,$344.32,11
Jan Morforth,Canada,Smooth Silky Salty,6-Jun-24,"$1,106.46",138
Zaria Ambler,USA,Truffle Collection,5-Nov-23,$611.72,12
Oby Sorrel,UK,Mint Chip Choco,2-Oct-24,$633.85,23
Dennison Crosswaite,UK,Spicy Dark Bites,23-Oct-23,$640.95,30
Mallorie Waber,UK,Sea Salt Caramel,16-Sep-23,$834.37,36
Eliza Leatherhead,USA,Coconut Clusters,1-Feb-24,"$1,397.69",35
Pru Soles,UK,Sea Salt Caramel,5-Jun-23,$814.97,49
Ernie Sherstone,New Zealand,Coconut Clusters,27-Apr-24,"$2,480.62",164
Brien Boise,USA,Spicy Dark Bites,21-Feb-23,"$9,157.50",250
Brien Boise,UK,Coconut Clusters,20-Jan-24,"$2,835.97",105
Dotty Strutley,Canada,Hazelnut Crunch,26-Mar-23,"$4,258.41",186
Curtice Advani,Canada,Smooth Silky Salty,25-Apr-24,$285.17,15
Rafaelita Blaksland,New Zealand,Orange Cream Bars,23-Jun-23,"$1,190.75",259
Barr Faughny,New Zealand,Peanut Butter Cups,13-May-23,$469.57,21
Jan Morforth,New Zealand,Raspberry Choco,17-Nov-23,"$1,949.75",94
Beverie Moffet,New Zealand,Coconut Clusters,9-Sep-23,$404.59,34
Jan Morforth,India,Praline Hearts,27-Jun-24,"$1,868.75",111
Mallorie Waber,Canada,Eclairs,17-Nov-24,"$6,034.49",148
Ernie Sherstone,UK,Eclairs,4-Jan-23,$533.62,27
Husein Augar,UK,Raspberry Choco,17-Aug-24,"$3,853.58",138
Kania Dobrovolski,UK,Toffee Biscuit,29-May-24,"$1,673.12",123
Marney Dwyer,UK,Coconut Clusters,6-Apr-23,$882.97,31
Mallorie Waber,UK,Choco Coated Almonds,6-May-23,"$2,471.37",45
Kelci Walkden,UK,Almond Delight,20-Aug-23,"$1,082.18",34
Kania Dobrovolski,UK,85% Dark Bars,3-Jan-23,"$3,630.54",124
Van Tuxwell,Canada,Peanut Butter Cups,30-Oct-23,$123.60,10
Karlen McCaffrey,Australia,50% Dark Bites,13-Jun-24,$710.17,47
Zaria Ambler,New Zealand,Choco Coated Almonds,11-Feb-24,"$1,038.67",41
Ches Bonnell,UK,Caramel Swirls,4-Aug-23,"$3,989.15",113
Ernie Sherstone,New Zealand,Hazelnut Crunch,19-Jul-24,$934.55,108
Barr Faughny,Canada,Sea Salt Caramel,18-Apr-23,"$1,115.50",40
Brien Boise,India,Smooth Silky Salty,21-Dec-24,"$5,987.81",239
Ernie Sherstone,UK,Eclairs,15-Dec-24,"$5,683.25",250
Pru Soles,Australia,Spicy Dark Bites,6-Oct-23,$596.49,68
Kania Dobrovolski,New Zealand,Coconut Clusters,11-Dec-24,$160.65,11
Beverie Moffet,India,Caramel Swirls,24-Nov-24,$284.70,19
Ernie Sherstone,UK,Almond Delight,4-Mar-23,"$2,249.91",104
Brien Boise,Australia,Choco Coated Almonds,27-Feb-23,"$2,724.44",39
Husein Augar,USA,Peanut Butter Cups,10-Apr-23,$962.50,33
Beverie Moffet,Australia,Milk Choco Drops,18-Jul-24,$98.60,18
Ernie Sherstone,USA,Choco Coated Almonds,4-Jul-24,"$3,162.75",186
Van Tuxwell,New Zealand,Mint Chip Choco,13-Mar-23,$180.44,20
Barr Faughny,India,Peanut Butter Cups,10-Nov-24,$464.67,28
Mallorie Waber,UK,Raspberry Choco,15-Apr-24,"$1,349.24",32
Pru Soles,UK,Peanut Butter Cups,7-Dec-24,"$1,362.24",61
Husein Augar,USA,Peanut Butter Cups,8-Aug-24,"$1,011.70",30
Zaria Ambler,Australia,White Choc,30-Jan-24,$378.63,47
Curtice Advani,USA,Peanut Butter Cups,17-Oct-24,"$1,616.08",103
Eliza Leatherhead,India,Caramel Swirls,24-Aug-23,$670.23,25
Pru Soles,Australia,Praline Hearts,26-Feb-23,"$2,904.28",136
Curtice Advani,UK,White Choc,2-Jul-23,$267.37,35
Curtice Advani,Australia,Coconut Clusters,20-Nov-23,$888.48,27
Barr Faughny,New Zealand,50% Dark Bites,21-Jan-24,$253.61,17
Oby Sorrel,Australia,Raspberry Choco,3-Oct-24,"$7,164.39",241
Ches Bonnell,Australia,Almond Delight,19-Aug-23,$195.84,11
Gunar Cockshoot,Australia,Eclairs,21-Mar-24,$238.15,14
Oby Sorrel,UK,Coconut Clusters,19-Aug-24,"$3,232.86",253
Rafaelita Blaksland,New Zealand,Choco Coated Almonds,25-May-24,$493.33,48
Oby Sorrel,India,Raspberry Choco,1-May-24,"$1,161.86",64
Mallorie Waber,UK,Caramel Swirls,12-Dec-24,"$3,315.22",68
Husein Augar,Australia,Coconut Clusters,24-Jan-24,"$2,500.09",77
Dennison Crosswaite,Canada,Eclairs,24-Jul-23,"$2,140.85",126
Wilone OKielt,Canada,Almond Delight,14-Jun-23,"$1,658.82",74
Gunar Cockshoot,Australia,Choco Coated Almonds,7-Jan-24,"$2,396.38",95
Gunar Cockshoot,USA,Orange Cream Bars,29-Jun-24,"$1,194.05",89
Ches Bonnell,USA,Hazelnut Crunch,16-Dec-23,"$1,077.62",30
Dennison Crosswaite,New Zealand,Peanut Butter Cups,25-Aug-23,"$3,332.03",185
Ernie Sherstone,UK,Choco Coated Almonds,8-Jun-24,$414.78,22
Dennison Crosswaite,Canada,Spicy Dark Bites,10-Jul-24,$866.48,41
Gunar Cockshoot,India,Coconut Clusters,2-Jun-24,"$8,063.62",397
Marney Dwyer,UK,Praline Hearts,20-Sep-24,"$1,130.36",31
Van Tuxwell,Australia,Praline Hearts,21-Nov-23,"$8,255.69",164
Barr Faughny,Canada,Truffle Collection,26-Jul-24,"$1,748.03",69
Gunar Cockshoot,New Zealand,Truffle Collection,14-Feb-23,"$1,897.88",46
Oby Sorrel,Canada,Caramel Swirls,25-Apr-24,"$1,706.22",64
Ernie Sherstone,Canada,Raspberry Choco,19-Nov-24,$824.91,38
Andria Kimpton,USA,Spicy Dark Bites,11-Nov-23,"$2,655.43",204
Van Tuxwell,USA,Toffee Biscuit,27-Apr-23,"$1,211.33",59
Eliza Leatherhead,Canada,50% Dark Bites,6-Dec-24,$673.03,27
Pru Soles,India,Raspberry Choco,8-Jul-23,"$1,384.99",108
Gunar Cockshoot,New Zealand,Choco Coated Almonds,26-Nov-23,"$2,655.59",125
Eliza Leatherhead,India,Almond Delight,17-Jan-24,"$1,977.83",98
Ernie Sherstone,Canada,Spicy Dark Bites,6-Jul-23,$267.83,20
Ernie Sherstone,New Zealand,Eclairs,22-Oct-23,$925.25,54
Barr Faughny,USA,Raspberry Choco,26-Mar-24,"$4,551.46",273
Gunar Cockshoot,UK,50% Dark Bites,5-Dec-23,"$1,205.19",64
Marney Dwyer,India,Caramel Swirls,10-Jan-24,"$1,380.99",112
Brien Boise,New Zealand,Praline Hearts,28-Sep-24,"$4,422.21",126
Karlen McCaffrey,India,Raspberry Choco,7-Jun-24,$542.76,25
Brien Boise,Australia,Coconut Clusters,8-Aug-23,"$7,416.98",164
Kelci Walkden,Canada,Sea Salt Caramel,28-Jul-24,$746.21,35
Ernie Sherstone,New Zealand,Praline Hearts,20-May-23,$733.84,50
Dotty Strutley,New Zealand,Mint Chip Choco,13-Sep-23,"$3,903.10",260
Karlen McCaffrey,India,85% Dark Bars,2-Apr-24,"$1,765.12",56
Jan Morforth,India,Spicy Dark Bites,28-Mar-24,$988.78,136
Curtice Advani,Australia,Smooth Silky Salty,15-Oct-23,"$2,441.15",60
Dennison Crosswaite,New Zealand,Almond Delight,30-May-23,$589.10,22
Eliza Leatherhead,USA,Sea Salt Caramel,20-Jan-23,$396.50,23
Wilone OKielt,UK,Smooth Silky Salty,21-Dec-23,$642.07,24
Dotty Strutley,India,50% Dark Bites,27-Jun-24,$227.81,44
Jan Morforth,India,Sea Salt Caramel,27-Feb-23,"$5,556.76",219
Kania Dobrovolski,UK,Toffee Biscuit,14-Aug-24,"$1,259.23",102
Husein Augar,India,White Choc,22-Jun-24,$570.73,89
Kania Dobrovolski,USA,50% Dark Bites,20-Dec-24,"$3,590.63",146
Ernie Sherstone,India,Caramel Swirls,29-Mar-24,$723.72,43
Van Tuxwell,UK,Almond Delight,29-Jul-23,$809.05,92
Rafaelita Blaksland,Australia,White Choc,2-Oct-24,$794.61,52
Rafaelita Blaksland,Australia,Coconut Clusters,1-Mar-24,"$1,186.45",61
Rafaelita Blaksland,Australia,Coconut Clusters,19-May-23,"$4,295.52",169
Barr Faughny,India,50% Dark Bites,16-Jun-24,$622.54,60
Oby Sorrel,Canada,Milk Choco Drops,18-Nov-23,$481.00,48
Curtice Advani,India,Toffee Biscuit,6-Sep-23,$339.97,17
Zaria Ambler,New Zealand,Spicy Dark Bites,11-Aug-23,"$1,405.74",146
Zaria Ambler,Canada,Spicy Dark Bites,15-Feb-23,"$1,958.32",137
Ches Bonnell,UK,Choco Coated Almonds,26-Oct-23,$415.12,11
Dotty Strutley,Canada,85% Dark Bars,28-Jan-24,"$1,214.24",95
Karlen McCaffrey,India,Praline Hearts,9-Sep-24,"$4,863.77",178
Ernie Sherstone,USA,Hazelnut Crunch,29-Apr-24,$430.90,20
Beverie Moffet,Canada,Caramel Swirls,6-Dec-24,"$3,678.17",169
Eliza Leatherhead,Canada,Orange Cream Bars,16-Nov-23,$570.34,50
Eliza Leatherhead,New Zealand,Coconut Clusters,5-Mar-24,"$2,794.76",232
Gunar Cockshoot,USA,50% Dark Bites,25-Mar-23,"$2,628.67",152
Dennison Crosswaite,UK,Milk Choco Drops,30-May-23,$493.96,60
Dotty Strutley,UK,Peanut Butter Cups,3-Nov-24,"$2,932.69",132
Kelci Walkden,India,Mint Chip Choco,3-Jul-23,"$13,285.83",500
Kania Dobrovolski,UK,Caramel Swirls,14-Aug-24,$627.07,23
Brien Boise,Australia,Almond Delight,26-Sep-24,$839.36,33
Husein Augar,USA,Hazelnut Crunch,25-Oct-24,"$1,234.25",39
Karlen McCaffrey,New Zealand,Praline Hearts,3-Jun-23,"$1,008.36",35
Marney Dwyer,Canada,Almond Delight,1-Oct-24,"$2,005.71",137
Karlen McCaffrey,India,Caramel Swirls,13-Dec-23,"$1,129.31",41
Dotty Strutley,Canada,Eclairs,26-Jul-23,$495.58,29
Jan Morforth,USA,Eclairs,22-Apr-23,$213.64,16
Mallorie Waber,India,Toffee Biscuit,25-Jul-23,"$1,087.77",108
Barr Faughny,Australia,Mint Chip Choco,16-Mar-24,"$2,107.39",79
Ches Bonnell,New Zealand,50% Dark Bites,3-Oct-24,$693.29,47
Eliza Leatherhead,USA,White Choc,25-Feb-23,"$4,923.45",233
Gunar Cockshoot,Canada,Toffee Biscuit,12-Jul-23,$372.42,28
Dennison Crosswaite,India,Raspberry Choco,8-Mar-24,$236.65,12
Pru Soles,USA,Toffee Biscuit,9-Jan-24,"$1,503.17",145
Rafaelita Blaksland,USA,Orange Cream Bars,29-Dec-24,"$5,758.67",364
Dennison Crosswaite,Canada,Peanut Butter Cups,9-May-24,"$1,580.92",45
Pru Soles,Canada,Raspberry Choco,2-Aug-24,$284.71,14
Eliza Leatherhead,USA,Orange Cream Bars,17-Dec-23,"$1,246.76",87
Eliza Leatherhead,USA,85% Dark Bars,3-Apr-23,"$3,491.43",133
Pru Soles,India,Eclairs,31-Jul-23,"$2,722.45",235
Wilone OKielt,New Zealand,Spicy Dark Bites,3-Jul-24,$936.65,73
Ernie Sherstone,Australia,Coconut Clusters,9-Sep-24,"$7,363.35",269
Eliza Leatherhead,New Zealand,Eclairs,29-Jun-23,"$1,709.99",174
Pru Soles,UK,Raspberry Choco,22-Aug-24,"$1,261.27",87
Curtice Advani,India,Peanut Butter Cups,29-Aug-23,"$4,392.93",160
Barr Faughny,USA,Praline Hearts,30-Sep-23,$803.35,42
Brien Boise,Canada,Milk Choco Drops,6-Jun-23,$231.01,25
Andria Kimpton,UK,Toffee Biscuit,11-Feb-23,"$4,702.44",256
Beverie Moffet,Canada,Peanut Butter Cups,20-Jan-23,$538.01,52
Mallorie Waber,New Zealand,Raspberry Choco,22-Sep-24,$353.45,14
Marney Dwyer,Australia,Coconut Clusters,25-Oct-23,"$6,598.98",168
Curtice Advani,Canada,Coconut Clusters,20-Jun-23,"$1,529.05",124
Marney Dwyer,India,Orange Cream Bars,29-May-24,"$1,097.98",73
Karlen McCaffrey,New Zealand,Sea Salt Caramel,11-Sep-24,"$3,492.51",128
Rafaelita Blaksland,New Zealand,Smooth Silky Salty,14-Jul-24,$923.58,57
Dotty Strutley,UK,Smooth Silky Salty,5-Apr-24,"$2,267.90",149
Gunar Cockshoot,UK,Peanut Butter Cups,15-Jul-24,"$1,459.70",72
Jan Morforth,India,Caramel Swirls,25-May-24,"$1,296.15",107
Ernie Sherstone,UK,Eclairs,18-Mar-23,$927.44,86
Dennison Crosswaite,Canada,Orange Cream Bars,3-Jul-23,$272.55,13
Marney Dwyer,Australia,Choco Coated Almonds,22-Feb-23,"$5,004.85",76
Curtice Advani,Canada,Peanut Butter Cups,21-Nov-23,$553.21,35
Andria Kimpton,New Zealand,Orange Cream Bars,20-Jun-23,"$1,956.42",172
Ernie Sherstone,India,Praline Hearts,28-Mar-24,$796.33,25
Beverie Moffet,Australia,Almond Delight,25-Nov-24,"$1,489.98",52
Ches Bonnell,Canada,Eclairs,28-Apr-24,"$1,731.94",82
Andria Kimpton,Australia,Peanut Butter Cups,21-Nov-23,"$1,032.98",47
Curtice Advani,Canada,Praline Hearts,9-Jan-23,"$5,100.00",139
Eliza Leatherhead,Canada,85% Dark Bars,11-Dec-24,"$3,927.07",107
Ches Bonnell,UK,Choco Coated Almonds,10-Feb-23,"$2,445.38",124
Brien Boise,Australia,Mint Chip Choco,22-Oct-23,$860.83,41
Wilone OKielt,UK,Peanut Butter Cups,21-Jun-24,"$4,710.54",172
Gunar Cockshoot,New Zealand,85% Dark Bars,15-Apr-23,"$1,382.08",40
Kania Dobrovolski,India,Caramel Swirls,9-Oct-23,"$1,184.44",53
Curtice Advani,Canada,Toffee Biscuit,2-Mar-24,"$2,284.13",86
Brien Boise,Australia,Sea Salt Caramel,11-Jul-23,$458.51,13
Dotty Strutley,New Zealand,Hazelnut Crunch,30-Apr-24,"$1,407.29",94
Kania Dobrovolski,Canada,Hazelnut Crunch,21-Mar-23,"$1,449.27",75
Wilone OKielt,Australia,Peanut Butter Cups,4-Nov-24,"$2,055.84",52
Gunar Cockshoot,India,Eclairs,31-Jan-23,$905.38,84
Ches Bonnell,Canada,Toffee Biscuit,22-Dec-24,"$4,456.68",165
Husein Augar,UK,Coconut Clusters,19-Dec-23,$383.36,16
Rafaelita Blaksland,Canada,Hazelnut Crunch,12-May-24,$544.13,24
Dennison Crosswaite,USA,Peanut Butter Cups,9-Oct-23,$555.74,32
Zaria Ambler,USA,Coconut Clusters,23-Jul-23,"$6,254.81",279
Karlen McCaffrey,New Zealand,Toffee Biscuit,21-Jun-24,$628.55,30
Rafaelita Blaksland,New Zealand,Spicy Dark Bites,31-Mar-23,$251.31,34
Kania Dobrovolski,USA,50% Dark Bites,10-Aug-24,"$1,449.49",89
Dennison Crosswaite,India,Raspberry Choco,9-Apr-24,$859.82,40
Eliza Leatherhead,Canada,Milk Choco Drops,14-Jun-24,$594.18,105
Rafaelita Blaksland,Australia,Smooth Silky Salty,10-Jun-23,"$5,061.57",249
Kania Dobrovolski,Canada,Truffle Collection,11-Sep-24,"$4,487.97",237
Mallorie Waber,New Zealand,Caramel Swirls,21-Jul-24,"$2,166.09",127
Dennison Crosswaite,New Zealand,Praline Hearts,6-May-24,$951.09,39
Husein Augar,India,85% Dark Bars,10-Jan-23,"$1,781.63",67
Andria Kimpton,Canada,Praline Hearts,6-Jul-24,$151.41,12
Ernie Sherstone,Australia,Coconut Clusters,9-May-24,$976.46,42
Oby Sorrel,Australia,Toffee Biscuit,15-Aug-23,"$2,433.77",91
Zaria Ambler,Australia,Peanut Butter Cups,18-Apr-24,"$1,389.01",74
Jan Morforth,Australia,Sea Salt Caramel,18-Apr-24,"$1,804.38",87
Barr Faughny,USA,Hazelnut Crunch,2-Jan-23,"$1,408.98",59
Andria Kimpton,Australia,85% Dark Bars,3-Mar-24,$365.37,31
Oby Sorrel,New Zealand,Coconut Clusters,29-Sep-23,"$1,173.23",102
Eliza Leatherhead,UK,Milk Choco Drops,27-Jun-23,$424.25,46
Barr Faughny,UK,Orange Cream Bars,13-Feb-24,"$1,064.96",103
Oby Sorrel,New Zealand,Orange Cream Bars,25-Mar-24,"$1,090.11",74
Karlen McCaffrey,UK,Truffle Collection,28-Feb-24,$758.98,14
Van Tuxwell,UK,Smooth Silky Salty,15-Feb-24,"$1,016.49",43
Curtice Advani,India,Spicy Dark Bites,31-Jul-24,$732.02,37
Brien Boise,Canada,Orange Cream Bars,9-Jun-23,"$1,327.40",104
Curtice Advani,Australia,Coconut Clusters,30-Dec-24,"$1,313.91",30
Marney Dwyer,USA,Eclairs,2-Jul-23,$214.39,11
Ches Bonnell,India,Caramel Swirls,24-Nov-24,"$2,495.69",80
Marney Dwyer,UK,Spicy Dark Bites,7-Apr-24,$670.21,34
Brien Boise,Australia,85% Dark Bars,21-Jan-23,"$5,110.33",137
Husein Augar,Canada,Peanut Butter Cups,8-Aug-24,"$1,310.33",84
Dotty Strutley,India,Choco Coated Almonds,5-Sep-24,$185.98,16
Curtice Advani,USA,85% Dark Bars,21-May-24,"$5,656.70",113
Zaria Ambler,USA,Choco Coated Almonds,22-Nov-23,"$5,615.40",273
Dotty Strutley,Australia,Caramel Swirls,27-Nov-23,"$2,048.55",68
Curtice Advani,India,Caramel Swirls,28-Apr-23,"$1,927.77",92
Kelci Walkden,Australia,Toffee Biscuit,13-Jan-24,"$2,999.58",112
Oby Sorrel,USA,White Choc,17-Mar-24,$509.44,24
Dennison Crosswaite,Australia,Praline Hearts,9-Aug-24,"$3,880.52",140
Pru Soles,UK,Truffle Collection,30-Aug-24,$584.53,23
Kelci Walkden,USA,85% Dark Bars,10-Apr-24,"$1,729.41",28
Ernie Sherstone,India,Peanut Butter Cups,5-Jan-23,"$2,795.70",148
Karlen McCaffrey,India,85% Dark Bars,27-Mar-23,"$7,032.77",189
Van Tuxwell,USA,Smooth Silky Salty,3-Apr-23,"$3,090.19",131
Mallorie Waber,New Zealand,50% Dark Bites,4-Apr-23,"$4,034.92",299
Dennison Crosswaite,New Zealand,Mint Chip Choco,15-Oct-24,"$5,726.09",288
Brien Boise,UK,Peanut Butter Cups,9-Jun-24,$961.64,53
Brien Boise,Australia,Eclairs,1-Feb-24,"$6,414.10",117
Andria Kimpton,Canada,Toffee Biscuit,2-Oct-24,$843.52,135
Eliza Leatherhead,Australia,50% Dark Bites,15-Feb-23,$266.71,17
Curtice Advani,New Zealand,White Choc,4-Mar-23,"$1,788.50",99
Andria Kimpton,India,85% Dark Bars,21-Apr-23,"$7,823.06",345
Ernie Sherstone,India,Spicy Dark Bites,28-Jul-23,"$1,290.39",90
Andria Kimpton,UK,Eclairs,23-Aug-23,$196.58,10
Kania Dobrovolski,Australia,85% Dark Bars,8-Dec-24,"$13,751.45",351
Wilone OKielt,USA,Hazelnut Crunch,16-Apr-23,"$2,305.69",77
Eliza Leatherhead,Canada,Smooth Silky Salty,18-Oct-23,$347.60,12
Kelci Walkden,UK,Peanut Butter Cups,3-Aug-24,$590.82,29
Jan Morforth,India,Almond Delight,7-Feb-24,$361.33,20
Dotty Strutley,Canada,Peanut Butter Cups,17-Jan-24,$174.36,19
Gunar Cockshoot,New Zealand,Peanut Butter Cups,26-Dec-23,"$2,789.94",115
Husein Augar,Australia,85% Dark Bars,15-Aug-24,"$1,268.62",43
Eliza Leatherhead,USA,Toffee Biscuit,2-Jan-24,"$1,783.24",89
Oby Sorrel,Canada,Caramel Swirls,24-Mar-24,"$4,018.42",197
Eliza Leatherhead,Australia,Raspberry Choco,27-Nov-24,"$2,483.46",100
Kelci Walkden,USA,Praline Hearts,8-Feb-23,"$10,962.34",114
Dotty Strutley,Canada,Toffee Biscuit,25-Aug-24,"$1,260.40",98
Rafaelita Blaksland,Canada,Coconut Clusters,16-Feb-24,"$2,284.23",112
Oby Sorrel,UK,85% Dark Bars,1-Nov-23,"$1,626.36",41
Barr Faughny,Australia,White Choc,19-Mar-24,"$1,521.54",124
Mallorie Waber,New Zealand,Almond Delight,9-Nov-24,$449.36,13
Ernie Sherstone,New Zealand,Mint Chip Choco,4-May-24,"$2,006.90",210
Jan Morforth,Australia,Truffle Collection,5-Dec-24,$933.27,36
Kania Dobrovolski,USA,Smooth Silky Salty,27-Feb-23,"$2,215.12",78
Kelci Walkden,USA,Truffle Collection,11-Jul-24,$984.97,16
Barr Faughny,India,White Choc,30-Jan-23,$890.48,67
Pru Soles,India,White Choc,14-Jul-24,$82.86,12
Van Tuxwell,Canada,Spicy Dark Bites,30-Oct-23,$173.75,24
Dotty Strutley,Canada,Coconut Clusters,14-Sep-23,"$3,389.10",199
Curtice Advani,USA,Raspberry Choco,30-Mar-23,"$2,415.30",81
Ernie Sherstone,New Zealand,Choco Coated Almonds,25-Feb-24,"$1,775.59",83
Andria Kimpton,New Zealand,Coconut Clusters,31-Mar-23,$623.64,81
Barr Faughny,New Zealand,Coconut Clusters,5-Mar-24,$384.78,39
Wilone OKielt,New Zealand,Caramel Swirls,24-Sep-23,"$5,236.71",114
Andria Kimpton,Canada,Milk Choco Drops,20-Aug-24,$784.34,82
Eliza Leatherhead,USA,White Choc,16-Feb-23,"$1,048.11",63
Ernie Sherstone,UK,Mint Chip Choco,11-Sep-23,"$1,221.74",81
Karlen McCaffrey,UK,Caramel Swirls,19-Aug-24,"$2,481.73",63
Ches Bonnell,UK,85% Dark Bars,25-Aug-24,"$1,965.35",89
Van Tuxwell,USA,Milk Choco Drops,6-Dec-24,"$2,562.91",130
Andria Kimpton,Australia,Orange Cream Bars,29-Apr-24,$246.94,19
Ches Bonnell,Canada,Spicy Dark Bites,27-Aug-24,$741.46,37
Beverie Moffet,New Zealand,Milk Choco Drops,10-Feb-24,$251.54,45
Andria Kimpton,Canada,Milk Choco Drops,3-Feb-24,"$1,199.16",125
Marney Dwyer,India,Praline Hearts,4-Jul-23,"$9,445.21",361
Oby Sorrel,Australia,Mint Chip Choco,1-Dec-23,"$4,650.21",131
Oby Sorrel,UK,Peanut Butter Cups,23-Aug-24,"$4,516.18",183
Beverie Moffet,Canada,Coconut Clusters,5-Oct-23,$232.86,12
Curtice Advani,New Zealand,Caramel Swirls,21-Aug-23,$218.42,12
Dennison Crosswaite,New Zealand,Mint Chip Choco,19-Apr-24,"$1,121.90",50
Curtice Advani,New Zealand,Sea Salt Caramel,19-Jan-24,"$5,134.47",158
Kania Dobrovolski,New Zealand,Orange Cream Bars,8-Jul-23,$707.50,65
Kania Dobrovolski,India,Raspberry Choco,26-Apr-23,$594.94,30
Barr Faughny,Canada,Truffle Collection,1-Aug-23,"$2,239.55",131
Brien Boise,India,Toffee Biscuit,12-Oct-23,"$1,784.91",102
Karlen McCaffrey,USA,Smooth Silky Salty,23-Aug-23,"$3,386.14",161
Pru Soles,USA,Mint Chip Choco,8-Nov-23,"$2,029.33",122
Wilone OKielt,UK,Peanut Butter Cups,2-Oct-23,"$4,017.40",108
Kelci Walkden,USA,Peanut Butter Cups,15-Jan-23,"$1,276.09",37
Wilone OKielt,New Zealand,Toffee Biscuit,29-Sep-23,$161.23,10
Brien Boise,Australia,Smooth Silky Salty,29-Mar-23,"$6,821.99",188
Brien Boise,UK,Sea Salt Caramel,2-Feb-24,$823.88,20
Jan Morforth,Canada,Almond Delight,15-Jun-23,$187.92,36
Gunar Cockshoot,New Zealand,Mint Chip Choco,29-Feb-24,$383.02,15
Brien Boise,USA,Hazelnut Crunch,22-Jan-23,"$7,385.14",239
Gunar Cockshoot,India,Caramel Swirls,5-Aug-24,"$2,188.97",105
Ches Bonnell,USA,Caramel Swirls,15-Aug-23,"$3,411.54",130
Wilone OKielt,India,85% Dark Bars,24-Jul-23,"$6,044.79",177
Eliza Leatherhead,New Zealand,Smooth Silky Salty,19-Oct-23,$822.78,62
Brien Boise,Australia,Peanut Butter Cups,30-Dec-23,"$2,875.42",71
Zaria Ambler,Australia,Hazelnut Crunch,30-Jan-24,"$5,242.46",179
Curtice Advani,Australia,50% Dark Bites,6-Apr-23,$293.92,13
Eliza Leatherhead,Canada,Mint Chip Choco,26-Feb-24,$527.95,21
Kelci Walkden,USA,Toffee Biscuit,24-Jul-23,"$3,498.26",131
Curtice Advani,New Zealand,Coconut Clusters,3-Oct-23,"$5,068.44",225
Barr Faughny,New Zealand,Coconut Clusters,8-Nov-24,"$3,146.65",230
Dotty Strutley,UK,Smooth Silky Salty,14-Nov-23,"$9,276.13",458
Oby Sorrel,New Zealand,Praline Hearts,21-Jul-23,$884.46,45
Jan Morforth,India,50% Dark Bites,25-Apr-23,"$1,075.94",90
Kelci Walkden,Australia,Coconut Clusters,21-Sep-23,$597.65,19
Rafaelita Blaksland,India,Milk Choco Drops,12-Jan-24,$206.09,38
Kania Dobrovolski,USA,Toffee Biscuit,6-Oct-24,"$4,933.46",250
Andria Kimpton,Canada,50% Dark Bites,17-Jul-24,$918.38,73
Husein Augar,Canada,Coconut Clusters,30-Jun-24,"$1,829.09",117
Kania Dobrovolski,India,Hazelnut Crunch,23-Sep-24,$557.23,46
Beverie Moffet,USA,50% Dark Bites,31-Jul-23,$95.51,12
Van Tuxwell,New Zealand,Raspberry Choco,1-Feb-23,"$5,787.35",238
Dotty Strutley,UK,White Choc,14-Oct-24,"$1,622.66",118
Andria Kimpton,UK,Toffee Biscuit,6-Jun-23,$180.64,27
Beverie Moffet,Australia,Truffle Collection,16-Feb-24,"$5,333.41",189
Curtice Advani,New Zealand,Sea Salt Caramel,4-Jun-24,$997.36,53
Curtice Advani,Canada,Mint Chip Choco,23-Jun-24,$959.73,79
Dennison Crosswaite,India,Orange Cream Bars,4-Oct-23,$352.67,27
Rafaelita Blaksland,India,White Choc,8-Apr-23,"$1,291.06",244
Ernie Sherstone,USA,Toffee Biscuit,7-May-23,$207.80,16
Karlen McCaffrey,India,Mint Chip Choco,30-Jul-23,$169.62,23
Brien Boise,UK,Milk Choco Drops,8-Aug-23,$314.87,36
Rafaelita Blaksland,India,Smooth Silky Salty,13-May-23,$724.33,39
Zaria Ambler,Canada,85% Dark Bars,4-Dec-24,"$1,962.67",58
Marney Dwyer,USA,Spicy Dark Bites,28-Sep-24,$155.12,10
Eliza Leatherhead,Australia,50% Dark Bites,25-Sep-23,"$3,022.45",194
Eliza Leatherhead,USA,Toffee Biscuit,8-Apr-23,"$2,356.62",121
Pru Soles,India,50% Dark Bites,6-Dec-23,$432.86,29
Barr Faughny,UK,Praline Hearts,4-May-23,"$7,768.51",250
Kania Dobrovolski,Canada,Spicy Dark Bites,18-Jul-24,$722.99,90
Oby Sorrel,India,Truffle Collection,11-May-23,"$3,486.84",70
Eliza Leatherhead,UK,Hazelnut Crunch,8-Apr-24,"$1,099.63",35
Beverie Moffet,USA,Coconut Clusters,1-Aug-23,"$1,882.45",120
Jan Morforth,USA,Mint Chip Choco,20-Feb-23,"$1,356.06",80
Wilone OKielt,New Zealand,Choco Coated Almonds,20-Oct-23,"$4,248.03",126
Wilone OKielt,USA,Almond Delight,27-Jul-23,"$1,999.69",156
Dennison Crosswaite,USA,White Choc,24-May-24,"$4,941.06",340
Curtice Advani,Canada,White Choc,19-Oct-23,"$6,106.60",389
Husein Augar,New Zealand,85% Dark Bars,28-Jun-24,$652.15,28
Ches Bonnell,New Zealand,Choco Coated Almonds,30-Jul-23,"$5,173.66",339
Marney Dwyer,India,50% Dark Bites,6-Jul-24,"$2,250.83",121
Ches Bonnell,New Zealand,Mint Chip Choco,9-May-24,$727.30,35
Ches Bonnell,Canada,Choco Coated Almonds,5-Dec-23,$785.26,22
Wilone OKielt,UK,Toffee Biscuit,19-Jul-24,$330.06,11
Jan Morforth,UK,Truffle Collection,14-Apr-24,$787.03,38
Husein Augar,Australia,50% Dark Bites,18-Oct-24,$197.15,10
Gunar Cockshoot,USA,White Choc,30-Jul-24,"$1,625.52",188
Dennison Crosswaite,New Zealand,Truffle Collection,15-Sep-24,$726.86,30
Rafaelita Blaksland,Australia,Eclairs,20-Jun-24,"$1,842.31",93
Andria Kimpton,Australia,Hazelnut Crunch,29-Jan-23,"$1,455.20",67
Karlen McCaffrey,India,85% Dark Bars,20-Apr-24,"$1,345.37",87
Barr Faughny,UK,Truffle Collection,14-Aug-23,"$10,527.06",250
Beverie Moffet,New Zealand,Caramel Swirls,13-Feb-24,$191.21,10
Dotty Strutley,New Zealand,Truffle Collection,10-Feb-23,"$2,302.43",114
Zaria Ambler,UK,Milk Choco Drops,24-Jul-23,$780.49,81
Brien Boise,Canada,Choco Coated Almonds,3-Jul-24,"$1,631.41",46
Van Tuxwell,Australia,Truffle Collection,8-Aug-24,$624.26,11
Rafaelita Blaksland,New Zealand,Eclairs,5-Mar-24,$139.10,15
Mallorie Waber,India,Eclairs,12-Oct-24,$263.19,15
Marney Dwyer,Australia,Almond Delight,5-Aug-23,$995.30,32
Eliza Leatherhead,Canada,Smooth Silky Salty,30-Oct-23,$557.50,24
Barr Faughny,Australia,Praline Hearts,1-Jan-24,$705.69,16
Wilone OKielt,UK,85% Dark Bars,27-Oct-24,"$13,945.08",382
Dotty Strutley,Canada,Sea Salt Caramel,11-Nov-24,"$1,192.12",88
Beverie Moffet,India,Almond Delight,27-Nov-23,"$1,566.11",86
Gunar Cockshoot,Australia,Raspberry Choco,2-Dec-24,"$14,817.87",421
Oby Sorrel,New Zealand,Choco Coated Almonds,8-Jan-24,"$1,111.32",37
Eliza Leatherhead,Australia,Eclairs,18-Nov-23,"$1,022.19",33
Wilone OKielt,Australia,Truffle Collection,12-Jun-24,"$3,505.30",47
Karlen McCaffrey,Canada,White Choc,27-Jan-23,$943.34,50
Rafaelita Blaksland,UK,Praline Hearts,28-Mar-24,"$4,327.75",148
Karlen McCaffrey,USA,Eclairs,26-Aug-23,"$1,974.24",126
Barr Faughny,Canada,Choco Coated Almonds,7-Mar-23,$407.17,15
Husein Augar,Australia,85% Dark Bars,25-Oct-24,"$2,509.48",82
Gunar Cockshoot,Australia,Eclairs,5-Apr-24,"$1,165.52",37
Barr Faughny,Canada,Hazelnut Crunch,2-Mar-23,"$2,321.56",136
Rafaelita Blaksland,UK,Mint Chip Choco,7-Jun-24,"$2,225.79",150
Pru Soles,Canada,Raspberry Choco,5-Aug-23,"$1,808.50",151
Barr Faughny,UK,Praline Hearts,31-Oct-24,"$3,653.26",93
Zaria Ambler,New Zealand,Caramel Swirls,13-Mar-24,$779.33,40
Gunar Cockshoot,Canada,Mint Chip Choco,17-Jan-23,"$1,095.32",48
Ches Bonnell,India,Eclairs,16-Jun-23,$862.63,85
Barr Faughny,UK,Choco Coated Almonds,4-Dec-24,"$7,260.15",188
Karlen McCaffrey,Canada,Raspberry Choco,8-Sep-24,"$2,998.88",151
Kania Dobrovolski,Canada,Peanut Butter Cups,2-Mar-23,$712.12,67
Pru Soles,New Zealand,Eclairs,5-Jan-24,$578.03,70
Gunar Cockshoot,USA,Mint Chip Choco,14-Dec-24,"$1,601.77",73
Kelci Walkden,UK,Mint Chip Choco,27-Jan-24,"$4,000.81",129
Ches Bonnell,New Zealand,Milk Choco Drops,3-May-24,$361.36,27
Mallorie Waber,New Zealand,Truffle Collection,18-Sep-24,"$1,085.34",42
Barr Faughny,New Zealand,Peanut Butter Cups,23-Jan-24,"$2,014.70",115
Andria Kimpton,USA,Eclairs,6-Apr-23,$230.61,13
Karlen McCaffrey,UK,Peanut Butter Cups,18-Dec-24,"$4,547.99",199
Oby Sorrel,Australia,Hazelnut Crunch,17-Nov-24,"$2,818.70",108
Husein Augar,Australia,Sea Salt Caramel,12-Sep-24,"$1,598.35",59
Jan Morforth,USA,Peanut Butter Cups,10-Jun-24,"$1,662.85",122
Andria Kimpton,UK,Caramel Swirls,1-Sep-23,$639.75,25
Rafaelita Blaksland,New Zealand,Hazelnut Crunch,26-Feb-24,"$1,020.18",77
Kania Dobrovolski,India,50% Dark Bites,26-Jul-23,$444.93,41
Pru Soles,New Zealand,Praline Hearts,18-Jan-24,"$4,369.69",294
Dotty Strutley,UK,Mint Chip Choco,15-Mar-23,"$5,517.71",290
Zaria Ambler,USA,Raspberry Choco,17-Oct-24,$843.13,53
Beverie Moffet,Australia,Almond Delight,16-May-23,"$1,012.28",94
Wilone OKielt,USA,Mint Chip Choco,4-Oct-24,$675.03,20
Husein Augar,India,Almond Delight,7-Jul-24,$523.27,29
Barr Faughny,Canada,Eclairs,9-Aug-23,"$1,289.75",55
Zaria Ambler,India,Truffle Collection,4-Jun-23,"$4,088.55",172
Dotty Strutley,UK,Peanut Butter Cups,8-Jul-23,"$1,657.98",103
Husein Augar,New Zealand,Truffle Collection,16-Apr-24,"$4,986.12",99
Karlen McCaffrey,Canada,Eclairs,18-Oct-23,$187.19,12
Curtice Advani,USA,50% Dark Bites,9-Oct-23,"$1,483.88",58
Kelci Walkden,New Zealand,Peanut Butter Cups,2-Jun-23,"$2,384.45",78
Van Tuxwell,Australia,Raspberry Choco,28-Feb-23,"$1,419.14",70
Beverie Moffet,New Zealand,Coconut Clusters,5-Aug-23,$505.69,34
Andria Kimpton,Australia,Smooth Silky Salty,22-Jun-24,$945.25,57
Curtice Advani,Australia,Caramel Swirls,17-May-24,"$4,004.96",109
Kania Dobrovolski,New Zealand,Hazelnut Crunch,28-Jun-23,$947.31,56
Gunar Cockshoot,New Zealand,Eclairs,3-Jul-23,"$1,977.83",148
Jan Morforth,New Zealand,Smooth Silky Salty,31-Mar-23,$126.40,10
Van Tuxwell,USA,Peanut Butter Cups,26-Jun-24,$152.07,10
Karlen McCaffrey,Canada,50% Dark Bites,27-Dec-24,"$2,815.04",131
Ches Bonnell,India,Raspberry Choco,30-Jun-24,"$2,307.24",127
Ernie Sherstone,India,Hazelnut Crunch,11-Jun-23,$217.36,22
Barr Faughny,Australia,Milk Choco Drops,12-Jul-23,$653.04,47
Dotty Strutley,Canada,Hazelnut Crunch,24-Feb-24,$990.13,78
Karlen McCaffrey,USA,Smooth Silky Salty,11-Oct-24,"$2,163.44",78
Kelci Walkden,New Zealand,Smooth Silky Salty,8-Jul-24,$400.54,24
Karlen McCaffrey,Canada,Raspberry Choco,13-Aug-24,"$1,706.12",99
Curtice Advani,New Zealand,Peanut Butter Cups,6-Dec-23,$384.77,16
Kania Dobrovolski,Canada,Milk Choco Drops,21-Feb-24,$120.64,14
Curtice Advani,UK,Praline Hearts,2-Feb-24,"$7,905.82",144
Dotty Strutley,New Zealand,Coconut Clusters,20-Apr-23,"$4,661.48",236
Zaria Ambler,UK,White Choc,18-Jul-23,$160.20,10
Van Tuxwell,New Zealand,Praline Hearts,10-Dec-23,"$6,027.32",154
Andria Kimpton,USA,Smooth Silky Salty,15-Nov-24,"$4,603.52",311
Husein Augar,India,Spicy Dark Bites,17-Mar-23,$422.31,19
Kelci Walkden,New Zealand,Mint Chip Choco,28-Dec-24,"$10,477.30",318
Zaria Ambler,New Zealand,Caramel Swirls,8-Feb-23,"$1,285.96",108
Wilone OKielt,USA,Toffee Biscuit,2-Sep-24,$200.49,10
Wilone OKielt,UK,Orange Cream Bars,20-Mar-24,$716.12,62
Dennison Crosswaite,UK,White Choc,8-May-24,$553.79,35
Karlen McCaffrey,Canada,Choco Coated Almonds,11-Dec-23,$677.27,12
Wilone OKielt,India,White Choc,18-Dec-23,"$5,398.21",189
Eliza Leatherhead,Australia,Hazelnut Crunch,14-Aug-24,"$4,627.12",290
Wilone OKielt,India,Hazelnut Crunch,10-Sep-24,"$5,655.91",127
Beverie Moffet,Canada,Eclairs,6-Aug-24,$187.63,15
Husein Augar,India,Orange Cream Bars,12-Nov-24,"$1,646.66",78
Kelci Walkden,New Zealand,Raspberry Choco,23-Feb-23,"$1,518.82",47
Marney Dwyer,USA,Mint Chip Choco,7-May-23,"$2,149.56",66
Eliza Leatherhead,New Zealand,Toffee Biscuit,21-Mar-24,$293.38,17
Eliza Leatherhead,USA,Coconut Clusters,1-Feb-24,$768.07,32
Dotty Strutley,UK,Caramel Swirls,2-Nov-24,$340.35,28
Kelci Walkden,Australia,Praline Hearts,15-Sep-24,"$13,085.98",404
Gunar Cockshoot,New Zealand,Smooth Silky Salty,23-May-24,$234.56,14
Brien Boise,New Zealand,Mint Chip Choco,26-Oct-23,"$4,896.40",168
Eliza Leatherhead,India,Caramel Swirls,6-Jun-23,$161.62,12
Husein Augar,New Zealand,Sea Salt Caramel,9-Mar-24,"$4,986.55",200
Kania Dobrovolski,India,Spicy Dark Bites,15-May-24,$890.83,58
Brien Boise,Australia,Hazelnut Crunch,17-Oct-23,"$2,362.48",50
Marney Dwyer,Australia,Mint Chip Choco,26-Jun-24,"$5,616.32",182
Dennison Crosswaite,India,Coconut Clusters,10-Mar-24,"$1,814.05",58
Jan Morforth,Australia,Praline Hearts,6-Sep-24,$353.94,10
Oby Sorrel,Australia,Eclairs,12-Jan-23,"$6,918.55",325
Rafaelita Blaksland,Canada,85% Dark Bars,29-Aug-24,$401.44,18
Kania Dobrovolski,India,Sea Salt Caramel,3-Dec-24,"$1,189.71",43
Curtice Advani,UK,85% Dark Bars,5-Mar-23,"$1,224.61",35
Dotty Strutley,India,Truffle Collection,6-Jun-24,"$2,834.42",141
Curtice Advani,Australia,50% Dark Bites,21-Feb-23,"$1,314.18",56
Jan Morforth,Canada,Sea Salt Caramel,24-Nov-23,"$2,236.59",90
Mallorie Waber,USA,Praline Hearts,30-Oct-23,"$7,198.20",104
Eliza Leatherhead,India,Hazelnut Crunch,28-Jul-23,"$1,662.48",83
Kania Dobrovolski,Australia,Caramel Swirls,29-Jun-23,$880.82,37
Brien Boise,Australia,Eclairs,15-Feb-24,"$3,238.00",77
Mallorie Waber,Canada,Toffee Biscuit,25-Oct-23,$249.09,16
Dennison Crosswaite,Australia,Smooth Silky Salty,16-Oct-23,"$3,142.27",68
Dennison Crosswaite,New Zealand,Mint Chip Choco,2-Nov-23,$218.77,11
Wilone OKielt,Canada,Hazelnut Crunch,2-Aug-24,"$8,074.50",163
Ernie Sherstone,India,85% Dark Bars,17-Jun-23,$224.03,15
Dennison Crosswaite,UK,Toffee Biscuit,1-Oct-23,$151.68,13
Dennison Crosswaite,Canada,Eclairs,16-Aug-24,"$6,593.52",216
Oby Sorrel,USA,Spicy Dark Bites,26-Dec-24,$767.67,34
Andria Kimpton,Australia,Raspberry Choco,28-Oct-23,$241.57,16
Dennison Crosswaite,UK,Praline Hearts,15-Aug-23,"$6,319.60",110
Kelci Walkden,USA,85% Dark Bars,14-May-24,"$5,125.36",163
Brien Boise,USA,Smooth Silky Salty,25-Dec-24,"$2,921.54",46
Ernie Sherstone,USA,Hazelnut Crunch,30-Sep-24,$142.36,12
Barr Faughny,New Zealand,Almond Delight,9-Mar-24,"$3,015.35",224
Mallorie Waber,USA,85% Dark Bars,26-May-24,$632.71,18
Van Tuxwell,USA,Almond Delight,7-May-24,$190.83,15
Curtice Advani,USA,White Choc,12-Sep-23,"$1,160.25",48
Andria Kimpton,New Zealand,Smooth Silky Salty,20-Jun-24,$241.26,30
Pru Soles,India,Peanut Butter Cups,1-Jan-23,$859.35,49
Mallorie Waber,India,Orange Cream Bars,17-Nov-24,$550.99,20
Marney Dwyer,India,White Choc,17-Jan-24,"$3,509.33",225
Jan Morforth,India,Almond Delight,4-Jul-23,$343.66,28
Eliza Leatherhead,UK,Orange Cream Bars,10-Apr-24,$265.75,34
Karlen McCaffrey,Canada,Truffle Collection,15-Jun-24,"$2,215.26",43
Dennison Crosswaite,Australia,Hazelnut Crunch,4-Apr-24,"$2,337.25",124
Kelci Walkden,New Zealand,85% Dark Bars,30-Mar-24,$317.16,12
Andria Kimpton,New Zealand,Choco Coated Almonds,2-Dec-24,"$1,903.61",109
Kelci Walkden,Australia,85% Dark Bars,25-Nov-23,"$1,922.60",24
Ches Bonnell,UK,Toffee Biscuit,9-Sep-24,"$1,538.66",96
Brien Boise,India,85% Dark Bars,7-Oct-23,$473.05,27
Barr Faughny,New Zealand,Caramel Swirls,12-Jul-23,"$1,073.83",84
Oby Sorrel,UK,Hazelnut Crunch,25-Apr-23,$387.84,12
Andria Kimpton,India,Coconut Clusters,22-May-24,$966.88,65
Karlen McCaffrey,India,Mint Chip Choco,18-Nov-24,$920.49,84
Barr Faughny,Canada,Spicy Dark Bites,3-Apr-23,"$3,634.60",481
Wilone OKielt,New Zealand,Spicy Dark Bites,13-Jul-24,"$2,031.80",133
Oby Sorrel,Canada,Choco Coated Almonds,30-Oct-24,"$5,043.45",155
Dennison Crosswaite,USA,Peanut Butter Cups,5-Feb-23,"$5,638.58",122
Barr Faughny,Australia,Choco Coated Almonds,18-Dec-23,$627.92,19
Oby Sorrel,UK,Coconut Clusters,31-Mar-24,$718.13,26
Rafaelita Blaksland,Canada,Eclairs,30-Oct-24,$504.75,28
Husein Augar,India,Praline Hearts,2-Jul-24,"$8,253.18",216
Kelci Walkden,New Zealand,Almond Delight,21-Aug-24,$956.68,70
Curtice Advani,India,Mint Chip Choco,29-Sep-23,"$3,261.96",169
Brien Boise,Canada,Mint Chip Choco,5-Aug-23,"$2,519.21",100
Dotty Strutley,New Zealand,Spicy Dark Bites,3-Jul-24,"$1,168.44",149
Marney Dwyer,Australia,Choco Coated Almonds,9-Jun-23,"$2,421.84",57
Ches Bonnell,Australia,Peanut Butter Cups,3-May-24,"$1,343.10",59
Marney Dwyer,Canada,Toffee Biscuit,20-Aug-23,"$4,067.04",184
Dotty Strutley,USA,Caramel Swirls,28-Apr-24,"$2,825.80",104
Ches Bonnell,Canada,Milk Choco Drops,22-Dec-23,"$1,118.03",79
Beverie Moffet,Canada,Eclairs,9-Mar-24,"$1,309.22",174
Jan Morforth,New Zealand,Orange Cream Bars,28-Aug-24,"$1,156.71",148
Rafaelita Blaksland,UK,Toffee Biscuit,17-Nov-23,"$1,227.76",120
Van Tuxwell,India,Orange Cream Bars,3-Mar-23,$546.86,63
Eliza Leatherhead,India,Almond Delight,10-Jul-23,$102.72,15
Gunar Cockshoot,UK,Smooth Silky Salty,12-Sep-23,$567.34,35
Mallorie Waber,India,Coconut Clusters,26-Oct-24,"$1,100.48",49
Marney Dwyer,India,Hazelnut Crunch,19-Mar-23,"$6,517.91",245
Eliza Leatherhead,New Zealand,85% Dark Bars,3-Dec-24,"$1,474.73",58
Ches Bonnell,New Zealand,Smooth Silky Salty,4-Aug-23,"$1,570.84",92
Marney Dwyer,India,85% Dark Bars,24-Nov-24,$837.25,27
Curtice Advani,Australia,Smooth Silky Salty,24-Jun-24,"$2,453.27",138
Ches Bonnell,UK,Almond Delight,18-Apr-23,$251.60,18
Ernie Sherstone,Australia,50% Dark Bites,25-Apr-23,"$5,038.49",235
Karlen McCaffrey,India,85% Dark Bars,12-Jun-24,"$7,662.71",240
Van Tuxwell,New Zealand,Raspberry Choco,29-Aug-24,"$1,550.17",149
Zaria Ambler,USA,Milk Choco Drops,19-Jul-23,$426.10,71
Curtice Advani,USA,50% Dark Bites,7-Apr-24,"$1,908.04",104
Andria Kimpton,India,Milk Choco Drops,26-May-23,$407.08,44
Curtice Advani,New Zealand,Smooth Silky Salty,14-Nov-23,"$1,342.28",49
Brien Boise,New Zealand,Toffee Biscuit,29-Jun-23,"$2,367.04",140
Dennison Crosswaite,UK,Spicy Dark Bites,21-Feb-23,"$1,821.21",75
Eliza Leatherhead,Australia,85% Dark Bars,16-Nov-24,"$2,650.64",81
Oby Sorrel,UK,Mint Chip Choco,14-Jun-23,$341.23,17
Oby Sorrel,Canada,Hazelnut Crunch,21-Dec-24,"$2,646.79",67
Kelci Walkden,USA,Sea Salt Caramel,5-May-23,"$5,421.16",117
Jan Morforth,Canada,Spicy Dark Bites,27-Apr-23,$616.46,104
Van Tuxwell,India,Spicy Dark Bites,11-Apr-23,$221.89,30
Oby Sorrel,India,85% Dark Bars,19-Aug-23,$815.70,29
Dennison Crosswaite,India,Sea Salt Caramel,13-Dec-23,"$11,523.93",342
Jan Morforth,India,Milk Choco Drops,23-Oct-23,$493.66,74
Rafaelita Blaksland,India,50% Dark Bites,4-Feb-24,$807.87,92
Marney Dwyer,New Zealand,Smooth Silky Salty,21-Sep-24,"$2,010.99",88
Karlen McCaffrey,Australia,85% Dark Bars,15-Mar-24,"$6,134.65",173
Ches Bonnell,India,Toffee Biscuit,31-Jul-24,$870.07,159
Dotty Strutley,USA,Truffle Collection,9-Jan-24,"$1,655.93",35
Kelci Walkden,India,Eclairs,5-Dec-23,"$1,957.12",56
Beverie Moffet,USA,Peanut Butter Cups,9-Aug-23,"$2,657.00",159
Jan Morforth,Canada,Hazelnut Crunch,12-Oct-23,$252.21,27
Dotty Strutley,UK,Orange Cream Bars,17-Feb-24,"$1,186.61",104
Oby Sorrel,Canada,Toffee Biscuit,13-Aug-24,"$1,403.91",85
Pru Soles,Australia,Milk Choco Drops,16-Jul-24,$367.61,47
Brien Boise,Canada,Peanut Butter Cups,12-Jul-24,$330.81,20
Brien Boise,Australia,Caramel Swirls,8-Dec-23,"$19,805.57",500
Dotty Strutley,India,Caramel Swirls,5-Jun-24,"$1,158.05",59
Pru Soles,Australia,Almond Delight,20-Jul-24,$932.72,69
Kania Dobrovolski,Australia,White Choc,29-Jun-23,"$1,732.64",209
Andria Kimpton,USA,Raspberry Choco,24-May-23,"$3,346.33",361
Van Tuxwell,UK,Raspberry Choco,30-Jun-24,"$3,274.65",154
Rafaelita Blaksland,New Zealand,Truffle Collection,3-May-23,"$2,023.40",55
Dotty Strutley,USA,Sea Salt Caramel,25-Jan-23,"$4,723.51",174
Van Tuxwell,USA,Smooth Silky Salty,8-May-24,$346.94,29
Karlen McCaffrey,Australia,Toffee Biscuit,16-Aug-24,"$1,405.26",68
Ches Bonnell,UK,Toffee Biscuit,24-Nov-24,$493.11,49
Dotty Strutley,New Zealand,Mint Chip Choco,12-Mar-23,$315.66,25
Curtice Advani,UK,Smooth Silky Salty,4-Dec-23,$540.31,11
Oby Sorrel,New Zealand,Choco Coated Almonds,11-Sep-23,"$1,207.78",32
Kelci Walkden,India,Spicy Dark Bites,1-Aug-24,"$5,652.55",273
Zaria Ambler,India,Orange Cream Bars,19-Nov-23,"$2,292.21",158
Ches Bonnell,Canada,Choco Coated Almonds,1-May-23,"$2,321.67",146
Dennison Crosswaite,New Zealand,Toffee Biscuit,13-May-24,"$1,277.20",65
Marney Dwyer,New Zealand,Sea Salt Caramel,26-Jul-23,"$2,573.44",107
Curtice Advani,Australia,Eclairs,30-Jul-24,"$2,296.65",134
Dennison Crosswaite,Canada,Orange Cream Bars,5-Aug-23,"$1,485.35",160
Brien Boise,New Zealand,Eclairs,20-Aug-24,$623.09,27
Husein Augar,UK,Coconut Clusters,21-Feb-24,"$4,287.88",162
Husein Augar,USA,Milk Choco Drops,16-Mar-24,$612.31,76
Ches Bonnell,UK,Smooth Silky Salty,5-Dec-24,"$2,527.44",100
Husein Augar,Australia,Eclairs,3-Jul-23,"$2,908.26",156
Van Tuxwell,USA,Eclairs,9-Feb-23,$371.53,29
Marney Dwyer,Canada,Spicy Dark Bites,23-Sep-24,"$1,373.14",58
Andria Kimpton,New Zealand,Hazelnut Crunch,2-Sep-23,$572.72,24
Karlen McCaffrey,New Zealand,Smooth Silky Salty,14-Aug-24,$316.57,22
Karlen McCaffrey,New Zealand,Smooth Silky Salty,4-Aug-23,"$2,546.27",82
Brien Boise,New Zealand,Choco Coated Almonds,29-Jul-23,$894.00,25
Oby Sorrel,Australia,Sea Salt Caramel,13-Jan-23,"$1,292.49",39
Curtice Advani,Australia,Spicy Dark Bites,6-Mar-23,"$1,888.11",105
Kelci Walkden,UK,Praline Hearts,28-Sep-23,"$1,897.80",39
Oby Sorrel,Australia,Praline Hearts,22-Nov-24,"$3,651.21",81
Karlen McCaffrey,USA,Caramel Swirls,2-Nov-23,$843.43,26
Marney Dwyer,UK,Raspberry Choco,20-Jan-24,$501.37,22
Eliza Leatherhead,USA,Toffee Biscuit,31-May-24,$538.76,46
Dennison Crosswaite,India,Raspberry Choco,19-May-23,"$2,016.51",97
Barr Faughny,UK,85% Dark Bars,22-Oct-23,"$2,941.70",113
Kania Dobrovolski,Australia,Coconut Clusters,1-Apr-23,"$3,785.71",149
Wilone OKielt,USA,Milk Choco Drops,2-Feb-23,$346.40,12
Karlen McCaffrey,New Zealand,Milk Choco Drops,24-Jun-24,$980.17,66
Pru Soles,UK,85% Dark Bars,14-Oct-24,$511.67,25
Kania Dobrovolski,UK,Toffee Biscuit,3-Jan-23,$318.91,16
Van Tuxwell,India,85% Dark Bars,8-May-24,"$1,192.42",55
Andria Kimpton,Australia,Toffee Biscuit,22-Jan-23,$481.60,57
Brien Boise,New Zealand,Peanut Butter Cups,24-Jul-24,$440.39,19
Kania Dobrovolski,India,Raspberry Choco,19-Jan-23,"$2,128.07",120
Zaria Ambler,Canada,Mint Chip Choco,15-Dec-23,$525.79,23
Marney Dwyer,New Zealand,Spicy Dark Bites,7-Feb-23,"$10,620.56",500
Karlen McCaffrey,India,Mint Chip Choco,5-Feb-23,"$4,175.02",161
Barr Faughny,Australia,Milk Choco Drops,5-Oct-23,$373.03,44
Curtice Advani,New Zealand,Eclairs,16-Jul-24,$253.21,23
Brien Boise,New Zealand,85% Dark Bars,4-Nov-23,"$6,272.27",141
Ches Bonnell,USA,Peanut Butter Cups,27-Feb-24,$289.97,11
Van Tuxwell,New Zealand,Praline Hearts,1-May-23,"$2,778.87",83
Gunar Cockshoot,Australia,Coconut Clusters,28-Jun-23,$777.05,50
Beverie Moffet,USA,Choco Coated Almonds,7-Dec-24,"$4,720.89",252
Husein Augar,UK,Sea Salt Caramel,14-Feb-24,$719.60,31
Rafaelita Blaksland,India,Peanut Butter Cups,4-Oct-23,$312.59,16
Pru Soles,USA,Choco Coated Almonds,19-Oct-24,"$1,587.04",49
Curtice Advani,Canada,Truffle Collection,9-Jul-24,"$1,817.64",45
Jan Morforth,Canada,Hazelnut Crunch,21-Nov-23,"$1,885.53",83
Andria Kimpton,Canada,Milk Choco Drops,26-Jan-23,$181.30,15
Curtice Advani,USA,Truffle Collection,6-Jun-24,"$2,827.38",94
Rafaelita Blaksland,New Zealand,Praline Hearts,19-Jun-23,"$2,573.66",97
Eliza Leatherhead,Australia,Hazelnut Crunch,27-Dec-23,$302.97,14
Husein Augar,USA,Choco Coated Almonds,3-May-24,$496.66,20
Zaria Ambler,India,Orange Cream Bars,18-Sep-24,$293.23,20
Barr Faughny,New Zealand,Almond Delight,19-Oct-23,"$2,779.54",140
Pru Soles,USA,Raspberry Choco,10-Aug-24,$318.14,15
Beverie Moffet,USA,Praline Hearts,17-Sep-23,$358.53,24
Gunar Cockshoot,USA,Smooth Silky Salty,4-Jul-24,"$1,801.51",73
Gunar Cockshoot,UK,Smooth Silky Salty,23-Jan-23,"$4,006.20",162
Curtice Advani,Canada,Praline Hearts,20-Mar-24,"$3,060.91",60
Kania Dobrovolski,Australia,85% Dark Bars,2-May-24,"$1,255.09",37
Andria Kimpton,India,Sea Salt Caramel,17-Apr-23,$264.46,33
Eliza Leatherhead,Canada,50% Dark Bites,24-Jan-23,$111.13,13
Oby Sorrel,New Zealand,Sea Salt Caramel,13-Jan-24,"$1,228.17",84
Pru Soles,UK,White Choc,3-Apr-23,$705.94,44
Brien Boise,Canada,Truffle Collection,20-Apr-24,"$2,781.01",45
Curtice Advani,Canada,Praline Hearts,22-Sep-23,$451.30,18
Curtice Advani,Canada,Truffle Collection,19-Sep-24,"$13,964.33",252
Jan Morforth,India,Coconut Clusters,19-Jun-23,$906.30,137
Husein Augar,Canada,Smooth Silky Salty,11-Jul-23,$527.05,30
Jan Morforth,Australia,Mint Chip Choco,17-Nov-23,$444.71,18
Zaria Ambler,USA,Spicy Dark Bites,4-Sep-24,$971.52,58
Marney Dwyer,Australia,Smooth Silky Salty,14-Apr-23,$379.40,14
Barr Faughny,New Zealand,Orange Cream Bars,25-Aug-24,$289.04,40
Kania Dobrovolski,UK,Almond Delight,29-Jul-24,$969.90,121
Pru Soles,Canada,Hazelnut Crunch,21-Apr-23,$315.02,17
Ches Bonnell,India,Eclairs,10-Feb-24,"$4,702.09",250
Pru Soles,New Zealand,Truffle Collection,19-Dec-23,"$3,718.08",100
Mallorie Waber,UK,Spicy Dark Bites,16-Sep-23,$454.37,17
Curtice Advani,USA,Choco Coated Almonds,28-Mar-24,"$6,376.45",188
Kelci Walkden,UK,85% Dark Bars,2-Oct-24,"$1,131.34",27
Kelci Walkden,Australia,Hazelnut Crunch,20-Oct-24,"$3,715.83",173
Kelci Walkden,Australia,Almond Delight,22-Oct-23,"$1,001.16",50
Karlen McCaffrey,Australia,Smooth Silky Salty,11-Aug-24,$649.69,42
Kania Dobrovolski,Australia,Praline Hearts,19-Dec-24,"$3,189.26",72
Dotty Strutley,Australia,85% Dark Bars,28-Feb-23,"$6,533.85",148
Ernie Sherstone,India,Coconut Clusters,22-Jul-24,$187.06,15
Rafaelita Blaksland,Canada,Sea Salt Caramel,26-Jan-23,"$4,814.50",230
Beverie Moffet,UK,85% Dark Bars,24-Jan-24,$819.99,48
Kania Dobrovolski,USA,Caramel Swirls,12-Feb-24,"$5,896.22",173
Pru Soles,UK,Peanut Butter Cups,19-Apr-24,$476.10,21
Rafaelita Blaksland,New Zealand,White Choc,27-Jan-24,$212.03,22
Beverie Moffet,USA,Hazelnut Crunch,16-Jun-23,$511.90,27
Ches Bonnell,Australia,Praline Hearts,1-Oct-23,"$5,839.02",140
Mallorie Waber,UK,Mint Chip Choco,25-Oct-23,"$2,348.51",138
Husein Augar,India,Truffle Collection,15-Aug-23,"$1,460.23",32
Ches Bonnell,New Zealand,Coconut Clusters,18-Apr-24,"$1,358.88",107
Dotty Strutley,Australia,Spicy Dark Bites,7-Oct-23,"$5,246.77",304
Ches Bonnell,UK,Hazelnut Crunch,16-May-23,"$2,292.27",74
Kelci Walkden,New Zealand,Coconut Clusters,31-Aug-24,$681.94,19
Beverie Moffet,India,Coconut Clusters,1-Jun-24,"$2,700.11",266
Kelci Walkden,UK,85% Dark Bars,1-Mar-23,"$3,888.27",140
Ernie Sherstone,UK,Mint Chip Choco,7-Nov-23,"$1,757.96",81
Karlen McCaffrey,Canada,Smooth Silky Salty,27-Jul-23,"$1,485.77",57
Beverie Moffet,India,White Choc,31-Oct-24,$767.70,103
Dennison Crosswaite,Canada,Toffee Biscuit,4-Sep-23,$977.31,80
Kelci Walkden,India,Praline Hearts,2-Oct-23,"$3,639.11",88
Zaria Ambler,USA,Caramel Swirls,23-Dec-24,"$1,199.56",29
Marney Dwyer,Canada,85% Dark Bars,1-Jun-24,$582.59,15
Oby Sorrel,New Zealand,Coconut Clusters,13-Sep-23,$580.81,27
Ernie Sherstone,Canada,Smooth Silky Salty,6-Jul-23,$439.54,27
Jan Morforth,New Zealand,White Choc,14-Jun-23,$634.41,68
Zaria Ambler,USA,Raspberry Choco,2-May-24,$749.19,27
Ernie Sherstone,USA,85% Dark Bars,30-Oct-24,"$4,225.33",140
Wilone OKielt,USA,Orange Cream Bars,21-Oct-23,"$1,489.76",81
Rafaelita Blaksland,USA,Peanut Butter Cups,8-Apr-24,$641.75,33
Kelci Walkden,USA,Sea Salt Caramel,31-Mar-23,"$4,063.66",104
Pru Soles,New Zealand,Spicy Dark Bites,23-Nov-23,"$4,498.21",273
Beverie Moffet,New Zealand,Milk Choco Drops,23-Mar-23,"$1,366.59",173
Curtice Advani,New Zealand,White Choc,30-Mar-24,$984.23,67
Gunar Cockshoot,Canada,Eclairs,20-Jun-23,$436.36,54
Karlen McCaffrey,India,Almond Delight,13-Nov-24,$421.16,17
Pru Soles,India,Toffee Biscuit,19-Jul-23,$674.17,96
Jan Morforth,UK,Almond Delight,2-Nov-24,"$4,086.33",200
Karlen McCaffrey,New Zealand,85% Dark Bars,12-Apr-24,"$1,398.00",35
Zaria Ambler,New Zealand,50% Dark Bites,24-May-24,$828.46,89
Rafaelita Blaksland,UK,Truffle Collection,13-Sep-24,$846.67,30
Husein Augar,Australia,Smooth Silky Salty,14-Feb-23,"$1,374.19",49
Eliza Leatherhead,New Zealand,Coconut Clusters,11-Aug-23,"$3,147.29",141
Dennison Crosswaite,India,Smooth Silky Salty,29-Apr-23,$583.96,25
Ches Bonnell,UK,Caramel Swirls,15-Nov-23,"$5,872.49",178
Wilone OKielt,New Zealand,Toffee Biscuit,17-Aug-24,"$2,207.08",196
Oby Sorrel,New Zealand,Truffle Collection,8-Feb-23,"$1,511.03",37
Marney Dwyer,India,Caramel Swirls,15-Nov-23,$729.55,26
Husein Augar,UK,Caramel Swirls,10-Apr-24,"$2,573.60",74
Rafaelita Blaksland,UK,Caramel Swirls,14-Dec-23,$928.80,42
Eliza Leatherhead,UK,Mint Chip Choco,15-Feb-23,$357.64,31
Kelci Walkden,Australia,Caramel Swirls,17-Dec-24,$591.47,18
Kelci Walkden,UK,Choco Coated Almonds,17-Nov-24,"$7,289.24",151
Ernie Sherstone,India,Toffee Biscuit,1-Mar-23,$272.58,24
Marney Dwyer,India,Peanut Butter Cups,2-Sep-24,"$2,670.22",127
Andria Kimpton,USA,Eclairs,12-Apr-23,"$1,712.81",138
Ernie Sherstone,USA,50% Dark Bites,11-Apr-23,$419.49,25
Marney Dwyer,Canada,Truffle Collection,10-Apr-23,"$3,081.06",49
Rafaelita Blaksland,Australia,Eclairs,21-Nov-24,"$1,938.48",79
Van Tuxwell,Australia,50% Dark Bites,16-Sep-24,"$7,986.03",344
Wilone OKielt,Australia,Mint Chip Choco,26-Nov-24,"$4,138.91",130
Beverie Moffet,Australia,Truffle Collection,16-Sep-23,"$1,949.07",108
Oby Sorrel,India,White Choc,5-May-24,"$1,077.58",64
Barr Faughny,New Zealand,50% Dark Bites,5-Nov-23,"$1,879.66",122
Brien Boise,UK,Caramel Swirls,20-Dec-24,$291.05,13
Kelci Walkden,India,Truffle Collection,11-Feb-24,"$3,124.96",90
Brien Boise,New Zealand,Smooth Silky Salty,26-Mar-23,$335.00,20
Marney Dwyer,UK,85% Dark Bars,29-Jan-23,"$7,516.43",175
Wilone OKielt,Australia,85% Dark Bars,5-May-23,$296.89,11
Rafaelita Blaksland,UK,White Choc,10-Aug-24,$392.59,56
Zaria Ambler,India,Toffee Biscuit,27-Apr-23,$531.01,39
Beverie Moffet,New Zealand,Hazelnut Crunch,6-Dec-23,"$5,233.55",261
Oby Sorrel,UK,Milk Choco Drops,22-Jun-24,$409.64,62
Oby Sorrel,India,Caramel Swirls,23-Jan-23,"$1,221.49",42
Zaria Ambler,India,Milk Choco Drops,24-Jun-23,"$1,609.55",409
Gunar Cockshoot,Canada,Raspberry Choco,5-Nov-24,"$1,305.29",42
Zaria Ambler,Australia,Praline Hearts,25-Aug-23,"$1,382.22",81
Brien Boise,USA,Peanut Butter Cups,12-Oct-23,$317.22,13
Karlen McCaffrey,USA,White Choc,2-Sep-24,"$2,386.65",106
Mallorie Waber,Australia,Coconut Clusters,29-Mar-23,"$4,391.13",93
Husein Augar,UK,Coconut Clusters,6-May-24,"$1,537.95",65
Kania Dobrovolski,Canada,White Choc,12-Dec-24,$695.43,39
Karlen McCaffrey,New Zealand,Smooth Silky Salty,12-Sep-23,$924.00,38
Andria Kimpton,India,Caramel Swirls,17-Apr-23,$179.04,21
Oby Sorrel,Canada,Spicy Dark Bites,15-Aug-24,"$1,385.24",79
Rafaelita Blaksland,UK,White Choc,15-Aug-24,$622.00,40
Brien Boise,UK,Praline Hearts,9-Nov-23,"$3,071.87",67
Dotty Strutley,Australia,White Choc,9-Jun-23,$152.12,15
Marney Dwyer,Australia,Praline Hearts,7-Jan-23,$862.62,31
Brien Boise,New Zealand,Sea Salt Caramel,29-Nov-23,$581.44,19
Van Tuxwell,India,Mint Chip Choco,12-Sep-24,"$2,179.67",169
Beverie Moffet,India,Hazelnut Crunch,12-Dec-23,"$2,874.89",116
Wilone OKielt,Australia,Smooth Silky Salty,29-Aug-23,"$2,694.84",59
Husein Augar,UK,85% Dark Bars,5-Nov-23,"$1,100.96",25
Marney Dwyer,New Zealand,Peanut Butter Cups,13-Nov-23,"$3,670.42",106
Ches Bonnell,USA,Truffle Collection,20-May-23,"$2,672.86",91
Beverie Moffet,USA,Mint Chip Choco,9-Jul-23,"$4,218.07",327
Van Tuxwell,UK,Toffee Biscuit,25-Nov-24,$937.33,77
Wilone OKielt,UK,Caramel Swirls,11-Jun-24,"$2,131.77",62
Dennison Crosswaite,UK,Smooth Silky Salty,12-Nov-23,"$3,104.77",77
Kania Dobrovolski,New Zealand,50% Dark Bites,17-Mar-24,$659.55,44
Zaria Ambler,UK,Spicy Dark Bites,28-Aug-23,$711.87,82
Pru Soles,Australia,Truffle Collection,12-Mar-24,"$1,250.53",61
Marney Dwyer,India,Spicy Dark Bites,9-Aug-24,$376.43,15
Zaria Ambler,USA,White Choc,31-Oct-24,"$1,297.80",66
Andria Kimpton,Canada,Caramel Swirls,23-Mar-23,$196.47,17
Beverie Moffet,Canada,Sea Salt Caramel,14-Dec-24,"$1,686.80",100
Wilone OKielt,USA,Toffee Biscuit,6-Oct-24,"$2,335.89",78
Husein Augar,Canada,Smooth Silky Salty,7-Apr-24,$560.75,17
Ches Bonnell,New Zealand,Hazelnut Crunch,30-Oct-23,$681.09,33
Pru Soles,New Zealand,Spicy Dark Bites,23-Aug-24,"$1,874.66",114
Karlen McCaffrey,India,Mint Chip Choco,5-Mar-24,"$2,296.26",141
Eliza Leatherhead,Canada,Milk Choco Drops,10-Jan-23,"$2,801.44",241
Pru Soles,Australia,Orange Cream Bars,26-Feb-23,"$2,842.57",132
Curtice Advani,UK,85% Dark Bars,28-May-24,$553.85,32
Karlen McCaffrey,India,Hazelnut Crunch,3-Jun-24,$496.97,21
Mallorie Waber,Canada,Mint Chip Choco,3-Oct-23,"$2,063.97",75
Ches Bonnell,India,White Choc,22-Sep-23,$511.36,35
Dennison Crosswaite,USA,Coconut Clusters,10-May-23,"$2,950.07",70
Marney Dwyer,Canada,Toffee Biscuit,19-Nov-23,"$1,749.14",128
Jan Morforth,New Zealand,Spicy Dark Bites,9-Oct-23,$298.09,25
Gunar Cockshoot,India,Toffee Biscuit,20-Oct-24,$84.34,11
Curtice Advani,Canada,White Choc,15-May-23,$308.45,35
Gunar Cockshoot,New Zealand,Smooth Silky Salty,13-Jun-24,"$3,210.97",135
Dennison Crosswaite,India,Milk Choco Drops,27-Mar-24,$778.10,58
Ches Bonnell,New Zealand,White Choc,29-Nov-24,$108.86,12
Barr Faughny,Canada,50% Dark Bites,12-Aug-23,$338.88,44
Dotty Strutley,Canada,Sea Salt Caramel,16-Oct-24,"$1,087.57",94
Beverie Moffet,Australia,Raspberry Choco,24-Oct-24,"$2,561.05",218
Marney Dwyer,UK,White Choc,3-Jun-24,$434.75,32
Marney Dwyer,India,Coconut Clusters,25-Feb-23,$957.72,23
Ernie Sherstone,Australia,Smooth Silky Salty,27-Oct-23,$319.72,16
Gunar Cockshoot,USA,Eclairs,9-Mar-24,"$2,158.91",86
Van Tuxwell,India,Mint Chip Choco,19-May-23,"$2,652.12",185
Oby Sorrel,New Zealand,Almond Delight,21-May-23,$267.60,14
Dennison Crosswaite,USA,Sea Salt Caramel,27-Oct-23,"$2,003.19",117
Ches Bonnell,Canada,Raspberry Choco,3-Dec-23,"$13,661.32",417
Kelci Walkden,Australia,Caramel Swirls,24-Jun-23,"$2,253.35",121
Zaria Ambler,Australia,Eclairs,28-Jun-24,$294.87,18
Jan Morforth,UK,Raspberry Choco,25-May-24,$464.80,39
Mallorie Waber,USA,Sea Salt Caramel,13-Oct-23,"$2,428.32",47
Karlen McCaffrey,UK,Smooth Silky Salty,7-Aug-24,$660.30,29
Ernie Sherstone,UK,Milk Choco Drops,20-Mar-23,$288.59,25
Karlen McCaffrey,Australia,Milk Choco Drops,3-Oct-24,$832.22,50
Ches Bonnell,UK,Sea Salt Caramel,6-Oct-23,"$1,111.73",35
Dennison Crosswaite,India,Truffle Collection,2-Sep-24,$479.30,23
Barr Faughny,India,Coconut Clusters,7-Feb-23,$811.85,28
Mallorie Waber,USA,Smooth Silky Salty,15-Jun-23,$635.00,38
Brien Boise,UK,Eclairs,5-Apr-24,"$1,201.43",33
Van Tuxwell,New Zealand,Spicy Dark Bites,10-Jan-23,$647.27,36
Barr Faughny,USA,White Choc,11-Mar-24,$520.86,53
Wilone OKielt,New Zealand,Peanut Butter Cups,1-Apr-24,$667.16,22
Kelci Walkden,USA,Orange Cream Bars,4-Sep-23,"$1,090.60",40
Brien Boise,New Zealand,Choco Coated Almonds,3-Oct-23,$177.22,10
Curtice Advani,New Zealand,Spicy Dark Bites,16-Dec-23,"$2,501.56",140
Rafaelita Blaksland,India,Milk Choco Drops,18-May-23,$828.72,99
Curtice Advani,UK,Truffle Collection,15-May-24,"$6,239.53",136
Eliza Leatherhead,India,Peanut Butter Cups,20-Sep-24,$559.94,30
Marney Dwyer,USA,Almond Delight,16-Aug-23,$392.40,30
Mallorie Waber,Australia,Sea Salt Caramel,12-Sep-23,"$16,256.84",300
Dennison Crosswaite,Australia,Milk Choco Drops,14-Jul-23,$850.93,56
Van Tuxwell,Australia,Peanut Butter Cups,21-Aug-24,"$1,871.30",66
Andria Kimpton,New Zealand,Orange Cream Bars,24-Mar-24,$392.17,53
Mallorie Waber,Canada,Mint Chip Choco,2-Nov-24,"$2,385.95",74
Eliza Leatherhead,Australia,Choco Coated Almonds,21-Jan-24,$880.39,30
Rafaelita Blaksland,India,Coconut Clusters,25-Jan-24,"$5,462.05",306
Kania Dobrovolski,Canada,Orange Cream Bars,22-Sep-23,$706.03,107
Dotty Strutley,Australia,Coconut Clusters,1-Dec-24,"$2,037.55",76
Marney Dwyer,UK,Truffle Collection,18-Feb-24,"$2,031.55",31
Ches Bonnell,UK,85% Dark Bars,8-Aug-23,"$1,350.13",49
Ches Bonnell,Canada,Sea Salt Caramel,15-Dec-23,$563.95,20
Kelci Walkden,Canada,Raspberry Choco,9-Oct-23,$968.10,24
Van Tuxwell,USA,Smooth Silky Salty,8-Nov-23,"$2,100.17",104
Mallorie Waber,India,Sea Salt Caramel,20-Jun-23,"$1,840.70",60
Pru Soles,India,Truffle Collection,19-Jun-24,"$1,469.50",90
Mallorie Waber,UK,Truffle Collection,6-Jul-24,"$9,760.19",144
Marney Dwyer,New Zealand,Mint Chip Choco,25-Jan-23,$381.17,19
Eliza Leatherhead,USA,Spicy Dark Bites,12-Oct-24,$852.87,38
Dotty Strutley,USA,Milk Choco Drops,11-Aug-23,$637.26,89
Barr Faughny,UK,Praline Hearts,9-Oct-24,"$3,902.25",96
Dotty Strutley,USA,Peanut Butter Cups,17-Jun-24,$661.32,40
Van Tuxwell,Australia,Milk Choco Drops,5-Mar-23,"$1,646.34",104
Wilone OKielt,UK,Milk Choco Drops,29-Apr-23,"$1,078.29",44
Gunar Cockshoot,Australia,Spicy Dark Bites,8-Oct-24,$182.73,10
Kania Dobrovolski,UK,Sea Salt Caramel,8-Dec-23,"$2,239.29",68
Beverie Moffet,UK,Truffle Collection,26-Mar-23,$656.65,21
Barr Faughny,Canada,White Choc,8-Aug-23,$292.78,20
Barr Faughny,New Zealand,Peanut Butter Cups,21-May-24,"$5,058.87",257
Zaria Ambler,India,Mint Chip Choco,16-Jun-23,$825.36,76
Husein Augar,Australia,Toffee Biscuit,3-Sep-23,"$3,172.84",108
Jan Morforth,UK,Coconut Clusters,14-Oct-24,$198.35,20
Karlen McCaffrey,USA,Almond Delight,1-Feb-24,"$1,012.86",52
Dennison Crosswaite,Canada,Raspberry Choco,6-Jan-24,"$2,375.80",95
Oby Sorrel,Australia,Praline Hearts,14-Sep-24,"$5,519.53",103
Van Tuxwell,UK,85% Dark Bars,31-Jan-24,$671.70,26
Mallorie Waber,Australia,Almond Delight,4-Jan-24,"$1,005.76",60
Gunar Cockshoot,India,Mint Chip Choco,20-Nov-23,$409.87,20
Marney Dwyer,Canada,Caramel Swirls,19-Aug-23,$966.71,52
Dennison Crosswaite,India,Peanut Butter Cups,8-Nov-23,$646.36,45
Dotty Strutley,New Zealand,50% Dark Bites,4-Apr-23,"$1,197.33",117
Van Tuxwell,Australia,Almond Delight,20-Jun-23,"$1,364.60",75
Oby Sorrel,New Zealand,50% Dark Bites,10-Feb-23,$172.06,15
Gunar Cockshoot,New Zealand,Choco Coated Almonds,29-Jun-23,"$4,580.39",172
Oby Sorrel,India,Mint Chip Choco,10-Jan-24,"$1,234.66",65
Oby Sorrel,India,Hazelnut Crunch,11-May-23,"$2,227.20",83
Rafaelita Blaksland,Canada,85% Dark Bars,23-Sep-24,"$2,419.54",131
Dotty Strutley,Canada,Mint Chip Choco,29-Apr-24,"$1,960.40",166
Marney Dwyer,UK,Almond Delight,17-Oct-24,"$1,202.15",53
Dotty Strutley,New Zealand,Eclairs,13-Jun-23,"$2,737.74",202
Jan Morforth,Canada,Peanut Butter Cups,23-Sep-24,"$2,728.31",172
Andria Kimpton,Canada,Truffle Collection,29-Apr-24,$875.94,56
Zaria Ambler,New Zealand,Praline Hearts,9-May-24,$713.79,36
Kelci Walkden,UK,Milk Choco Drops,23-Apr-24,"$1,161.39",50
Beverie Moffet,Australia,85% Dark Bars,5-Mar-24,"$2,364.65",114
Van Tuxwell,New Zealand,Hazelnut Crunch,13-Jan-23,"$2,503.44",99
Kelci Walkden,Australia,Almond Delight,3-Sep-24,$900.69,23
Barr Faughny,UK,Sea Salt Caramel,9-May-24,"$1,188.80",64
Dotty Strutley,Australia,Toffee Biscuit,6-Dec-23,$315.39,13
Mallorie Waber,Australia,Choco Coated Almonds,21-Mar-23,"$1,167.42",47
Kelci Walkden,USA,Raspberry Choco,27-May-23,"$3,257.86",71
Brien Boise,USA,Choco Coated Almonds,13-Feb-24,"$1,980.82",45
Ernie Sherstone,UK,Raspberry Choco,10-Feb-23,"$1,077.22",72
Kania Dobrovolski,India,Sea Salt Caramel,29-Aug-24,$444.79,44
Marney Dwyer,Australia,Caramel Swirls,15-Dec-23,"$2,956.08",46
Jan Morforth,India,Choco Coated Almonds,17-Jun-24,$349.23,46
Pru Soles,USA,85% Dark Bars,28-Sep-23,"$1,414.25",47
Van Tuxwell,India,Hazelnut Crunch,17-Jul-24,$147.75,10
Dotty Strutley,New Zealand,50% Dark Bites,23-Nov-23,"$4,439.44",220
Kelci Walkden,New Zealand,Orange Cream Bars,30-Dec-23,"$6,403.44",166
Kania Dobrovolski,UK,Almond Delight,4-Mar-24,$289.54,33
Eliza Leatherhead,USA,Toffee Biscuit,19-Jun-24,$634.19,65
Karlen McCaffrey,UK,Mint Chip Choco,4-Dec-24,"$2,007.69",66
Brien Boise,Canada,Milk Choco Drops,4-Apr-23,$812.70,39
Kelci Walkden,UK,Spicy Dark Bites,24-Sep-24,"$1,661.72",69
Karlen McCaffrey,Canada,White Choc,17-Jul-23,"$1,635.94",119
Brien Boise,USA,Truffle Collection,20-Aug-23,"$8,146.00",110
Brien Boise,Canada,Mint Chip Choco,15-Apr-23,$622.50,27
Dennison Crosswaite,UK,Eclairs,2-Jan-24,"$9,114.27",275
Oby Sorrel,India,85% Dark Bars,11-Sep-23,$977.88,40
Rafaelita Blaksland,Canada,85% Dark Bars,3-Feb-23,$575.64,35
Dennison Crosswaite,New Zealand,Raspberry Choco,3-May-23,"$1,772.12",80
Curtice Advani,UK,Choco Coated Almonds,5-Jan-24,"$4,599.53",97
Jan Morforth,India,Praline Hearts,27-Aug-24,"$1,150.22",78
Van Tuxwell,UK,Raspberry Choco,3-Dec-24,"$7,487.15",210
Rafaelita Blaksland,USA,Eclairs,10-Nov-24,"$1,722.22",57
Andria Kimpton,USA,Peanut Butter Cups,1-Feb-24,$212.66,13
Oby Sorrel,UK,Orange Cream Bars,27-Feb-24,"$1,208.18",42
Gunar Cockshoot,USA,Orange Cream Bars,3-Jun-24,"$1,738.56",146
Curtice Advani,UK,Almond Delight,11-Sep-24,"$1,632.85",93
Curtice Advani,India,Truffle Collection,21-Jan-23,$576.56,29
Van Tuxwell,UK,White Choc,16-Feb-23,"$1,231.48",117
Oby Sorrel,India,Praline Hearts,25-May-23,"$2,405.84",124
Kania Dobrovolski,New Zealand,Milk Choco Drops,5-May-24,$69.12,10
Kania Dobrovolski,UK,85% Dark Bars,7-Jan-23,"$4,049.43",171
Van Tuxwell,New Zealand,85% Dark Bars,6-Jun-23,"$2,556.32",139
Rafaelita Blaksland,India,Mint Chip Choco,24-Feb-24,"$2,306.88",122
Gunar Cockshoot,UK,Eclairs,11-Jan-24,"$1,413.79",106
Ernie Sherstone,New Zealand,Almond Delight,12-Apr-24,"$1,379.98",93
Curtice Advani,Australia,85% Dark Bars,1-Jul-24,$629.35,32
Rafaelita Blaksland,UK,Coconut Clusters,22-Jul-24,"$2,086.90",127
Husein Augar,USA,Smooth Silky Salty,23-Nov-24,"$5,083.67",107
Zaria Ambler,New Zealand,Hazelnut Crunch,31-Aug-23,"$1,854.08",99
Brien Boise,USA,Choco Coated Almonds,14-Jun-24,"$13,607.36",251
Ches Bonnell,Australia,White Choc,26-Jan-23,$586.29,32
Jan Morforth,USA,Coconut Clusters,12-Apr-24,$329.70,42
Oby Sorrel,UK,Coconut Clusters,29-Dec-23,$673.00,22
Barr Faughny,India,Hazelnut Crunch,6-May-24,$128.59,12
Gunar Cockshoot,Australia,Orange Cream Bars,16-Mar-23,"$6,143.15",280
Dotty Strutley,Australia,Toffee Biscuit,14-Jun-23,$675.81,41
Gunar Cockshoot,Canada,Praline Hearts,6-Nov-24,"$2,382.94",49
Marney Dwyer,Australia,Praline Hearts,14-Oct-24,"$2,916.88",104
Brien Boise,Canada,Toffee Biscuit,6-Nov-24,"$1,285.88",36
Husein Augar,USA,85% Dark Bars,3-Jan-23,$632.37,37
Kelci Walkden,UK,Peanut Butter Cups,14-Oct-23,"$3,140.04",115
Wilone OKielt,Australia,Almond Delight,10-Jul-24,"$1,381.36",70
Husein Augar,UK,Praline Hearts,9-Jun-23,$970.05,28
Husein Augar,Canada,Toffee Biscuit,13-May-24,$362.19,14
Brien Boise,Australia,Coconut Clusters,10-Feb-24,"$1,049.09",23
Eliza Leatherhead,USA,Raspberry Choco,22-Nov-23,$901.67,30
Jan Morforth,New Zealand,Toffee Biscuit,2-Apr-23,$251.76,29
Marney Dwyer,New Zealand,Coconut Clusters,6-Sep-23,"$1,153.05",42
Rafaelita Blaksland,India,Milk Choco Drops,3-May-24,$490.35,58
Ernie Sherstone,New Zealand,Peanut Butter Cups,23-May-24,$588.57,72
Brien Boise,India,Caramel Swirls,8-Feb-24,$585.29,24
Barr Faughny,New Zealand,Milk Choco Drops,22-Jun-24,"$1,233.85",162
Pru Soles,USA,Choco Coated Almonds,20-Aug-24,"$1,986.51",128
Mallorie Waber,UK,Spicy Dark Bites,16-Mar-23,"$3,089.32",124
Kania Dobrovolski,Australia,Praline Hearts,29-Apr-24,"$3,381.47",79
Barr Faughny,Australia,Raspberry Choco,12-May-23,"$1,143.88",69
Kelci Walkden,UK,Mint Chip Choco,16-Apr-23,$826.39,47
Van Tuxwell,UK,Smooth Silky Salty,10-Mar-24,$142.88,13
Husein Augar,New Zealand,50% Dark Bites,19-Feb-23,"$1,836.07",109
Kelci Walkden,India,Hazelnut Crunch,27-Oct-24,"$8,940.32",432
Karlen McCaffrey,Australia,Praline Hearts,19-Feb-23,"$1,724.17",63
Ernie Sherstone,Canada,85% Dark Bars,11-Mar-23,$411.25,14
Kelci Walkden,Australia,50% Dark Bites,9-Nov-23,"$3,133.44",105
Curtice Advani,Australia,Almond Delight,25-Sep-23,$541.55,15
Dennison Crosswaite,USA,Raspberry Choco,7-Oct-23,"$1,050.63",35
Kelci Walkden,USA,85% Dark Bars,14-Jan-24,"$3,405.55",109
Beverie Moffet,New Zealand,Truffle Collection,13-Sep-23,$419.09,14
Rafaelita Blaksland,Canada,Hazelnut Crunch,27-Dec-24,"$3,441.51",108
Eliza Leatherhead,USA,Coconut Clusters,19-Mar-24,"$4,442.97",142
Curtice Advani,New Zealand,Hazelnut Crunch,21-Sep-23,"$2,771.73",84
Kania Dobrovolski,UK,Mint Chip Choco,11-Jul-23,$619.34,71
Ches Bonnell,New Zealand,Truffle Collection,24-Jan-24,"$1,435.10",67
Karlen McCaffrey,India,85% Dark Bars,13-Aug-24,"$1,706.74",74
Gunar Cockshoot,New Zealand,Almond Delight,4-Oct-24,"$1,119.56",96
Wilone OKielt,New Zealand,Choco Coated Almonds,26-Apr-23,"$6,269.24",144
Van Tuxwell,India,50% Dark Bites,6-Dec-23,"$3,291.39",207
Ches Bonnell,India,Hazelnut Crunch,6-Jul-23,$365.97,16
Gunar Cockshoot,Australia,Choco Coated Almonds,8-Jun-23,$969.24,57
Ches Bonnell,UK,Sea Salt Caramel,2-Feb-24,"$1,814.47",70
Brien Boise,UK,Eclairs,9-Oct-23,$515.00,23
Curtice Advani,Australia,50% Dark Bites,15-Sep-24,$240.28,14
Curtice Advani,UK,Toffee Biscuit,8-Apr-23,"$1,497.29",85
Kania Dobrovolski,Australia,Eclairs,15-Jul-24,"$3,693.43",201
Wilone OKielt,Australia,85% Dark Bars,17-Jul-24,"$5,700.57",163
Rafaelita Blaksland,USA,85% Dark Bars,3-Nov-24,$196.83,12
Curtice Advani,Canada,Eclairs,13-Apr-23,"$1,170.34",43
Brien Boise,Australia,Mint Chip Choco,12-Mar-24,"$3,875.39",125
Ches Bonnell,UK,Hazelnut Crunch,20-Nov-24,"$7,718.83",212
Kania Dobrovolski,Australia,Raspberry Choco,12-Jan-24,"$2,515.74",134
Pru Soles,Canada,Eclairs,23-Jul-23,$167.05,14
Wilone OKielt,USA,Choco Coated Almonds,24-Aug-24,"$2,149.37",41
Wilone OKielt,India,Mint Chip Choco,9-Jun-24,$316.81,31
Van Tuxwell,USA,Coconut Clusters,3-Nov-23,"$2,692.83",95
Ches Bonnell,India,Hazelnut Crunch,27-Sep-24,"$2,557.33",97
Karlen McCaffrey,Australia,Orange Cream Bars,9-Apr-24,"$2,720.67",111
Zaria Ambler,USA,Eclairs,9-Jun-23,"$2,780.70",207
Ernie Sherstone,USA,Praline Hearts,28-Dec-23,"$1,945.68",40
Rafaelita Blaksland,USA,White Choc,6-Dec-23,$829.64,90
Curtice Advani,USA,Hazelnut Crunch,2-Apr-24,$627.99,16
Dennison Crosswaite,New Zealand,50% Dark Bites,5-Nov-24,"$2,571.90",90
Zaria Ambler,India,Hazelnut Crunch,31-Jan-23,"$1,533.49",82
Dotty Strutley,India,Raspberry Choco,18-Jun-24,$165.25,14
Jan Morforth,New Zealand,White Choc,4-Nov-23,"$1,323.97",148
Gunar Cockshoot,India,Toffee Biscuit,3-Feb-23,"$1,033.19",90
Ches Bonnell,New Zealand,Almond Delight,27-May-24,"$2,426.71",200
Curtice Advani,UK,Milk Choco Drops,26-Feb-24,"$1,753.71",94
Jan Morforth,Canada,Eclairs,16-Sep-23,"$1,312.93",80
Dennison Crosswaite,UK,Hazelnut Crunch,20-Nov-24,"$1,161.01",28
Dennison Crosswaite,India,Truffle Collection,11-Sep-24,"$4,300.82",104
Pru Soles,UK,Choco Coated Almonds,15-Dec-24,$570.42,24
Rafaelita Blaksland,Canada,Peanut Butter Cups,29-Jun-24,"$1,507.92",129
Zaria Ambler,UK,Orange Cream Bars,17-Apr-23,"$4,528.55",227
Kelci Walkden,USA,Eclairs,16-Oct-23,"$1,586.15",35
Kelci Walkden,New Zealand,Toffee Biscuit,17-Jun-24,$700.56,33
Jan Morforth,New Zealand,Smooth Silky Salty,16-Aug-23,$556.54,82
Pru Soles,UK,85% Dark Bars,3-Oct-23,"$1,764.48",59
Ernie Sherstone,Canada,Sea Salt Caramel,18-Dec-24,"$1,766.15",87
Dennison Crosswaite,New Zealand,Eclairs,2-Apr-23,$188.24,16
Dotty Strutley,New Zealand,50% Dark Bites,2-Nov-24,$676.93,90
Dotty Strutley,Australia,Choco Coated Almonds,27-Sep-23,"$1,518.32",108
Kelci Walkden,USA,Hazelnut Crunch,7-Oct-23,"$2,640.31",53
Ernie Sherstone,UK,Sea Salt Caramel,25-Feb-24,$583.44,22
Dennison Crosswaite,New Zealand,Praline Hearts,6-Jan-24,"$11,404.37",234
Ches Bonnell,UK,Truffle Collection,15-Jul-23,"$1,390.27",40
Pru Soles,USA,Eclairs,29-Oct-23,"$2,370.34",109
Barr Faughny,Canada,Milk Choco Drops,4-Apr-24,$300.92,32
Ernie Sherstone,USA,White Choc,1-Nov-24,$442.70,33
Andria Kimpton,USA,Toffee Biscuit,12-Aug-23,"$2,044.08",121
Mallorie Waber,India,Peanut Butter Cups,19-Jul-24,"$5,334.34",251
Oby Sorrel,Australia,Orange Cream Bars,11-Mar-24,$181.76,10
Van Tuxwell,India,White Choc,27-Jan-23,$204.37,15
Oby Sorrel,India,Mint Chip Choco,25-Feb-23,$860.64,36
Karlen McCaffrey,UK,Smooth Silky Salty,25-Mar-24,$483.06,13
Karlen McCaffrey,Australia,White Choc,10-Apr-24,$406.46,23
Wilone OKielt,Australia,Sea Salt Caramel,2-Mar-24,$875.39,19
Pru Soles,USA,Mint Chip Choco,24-Feb-24,"$4,942.97",175
Zaria Ambler,Australia,Praline Hearts,9-Sep-23,"$1,695.54",59
Beverie Moffet,Australia,Caramel Swirls,4-Dec-24,$830.75,30
Dotty Strutley,USA,Truffle Collection,9-Mar-24,$914.38,21
Andria Kimpton,Australia,Eclairs,8-Oct-24,$316.00,25
Marney Dwyer,Canada,Almond Delight,1-Feb-23,"$2,954.31",75
Beverie Moffet,India,Caramel Swirls,10-Dec-24,$441.56,17
Ernie Sherstone,USA,Choco Coated Almonds,14-Jun-24,$233.34,21
Kelci Walkden,Canada,Spicy Dark Bites,12-Nov-23,"$1,950.73",70
Curtice Advani,UK,Praline Hearts,5-Jul-24,"$2,514.71",56
Brien Boise,UK,Spicy Dark Bites,21-Mar-23,"$1,199.28",90
Ches Bonnell,Canada,Almond Delight,21-Aug-24,$499.94,39
Eliza Leatherhead,India,85% Dark Bars,13-Dec-24,"$1,006.22",72
Gunar Cockshoot,New Zealand,Peanut Butter Cups,13-Mar-23,$660.25,44
Brien Boise,Canada,Smooth Silky Salty,14-Apr-23,"$3,572.56",91
Ernie Sherstone,India,Choco Coated Almonds,30-May-23,$240.19,14
Kelci Walkden,India,Praline Hearts,1-Apr-24,"$1,252.20",61
Marney Dwyer,UK,Choco Coated Almonds,12-Oct-24,"$4,070.23",87
Van Tuxwell,Australia,Sea Salt Caramel,3-Jun-23,"$1,488.85",95
Curtice Advani,Australia,50% Dark Bites,27-Jan-24,$419.36,27
Ches Bonnell,UK,Praline Hearts,13-Aug-23,"$7,710.26",179
Marney Dwyer,Canada,Peanut Butter Cups,30-Jan-24,"$2,325.20",133
Wilone OKielt,USA,Orange Cream Bars,22-Oct-24,"$1,083.64",45
Van Tuxwell,India,White Choc,29-Feb-24,"$3,613.78",196
Gunar Cockshoot,Australia,Peanut Butter Cups,11-Dec-23,$610.91,17
Rafaelita Blaksland,New Zealand,Sea Salt Caramel,2-Sep-24,"$2,186.54",124
Mallorie Waber,New Zealand,Mint Chip Choco,6-Dec-24,$464.70,29
Mallorie Waber,UK,Almond Delight,17-Jan-23,"$2,470.60",72
Barr Faughny,Canada,Praline Hearts,23-Jun-23,"$4,697.37",141
Brien Boise,Australia,Orange Cream Bars,9-Jun-23,$832.29,56
Van Tuxwell,Canada,Choco Coated Almonds,18-Sep-24,"$1,737.26",59
Mallorie Waber,UK,Orange Cream Bars,13-May-24,"$2,136.52",68
Curtice Advani,UK,Spicy Dark Bites,20-Nov-23,$560.62,18
Kelci Walkden,Canada,Hazelnut Crunch,6-May-24,"$1,998.44",49
Andria Kimpton,New Zealand,Orange Cream Bars,6-Mar-23,$795.27,88
Brien Boise,UK,Truffle Collection,18-Oct-23,"$6,729.01",105
Ches Bonnell,Australia,50% Dark Bites,18-Aug-24,"$1,437.37",89
Eliza Leatherhead,USA,Truffle Collection,21-Dec-23,$641.71,11
Andria Kimpton,USA,Raspberry Choco,3-Sep-23,"$4,492.60",203
Husein Augar,India,Smooth Silky Salty,19-Jul-24,"$6,719.74",289
Oby Sorrel,Canada,Smooth Silky Salty,28-Mar-24,$795.77,55
Zaria Ambler,New Zealand,Praline Hearts,2-May-23,"$1,498.34",53
Dotty Strutley,Australia,Eclairs,23-Aug-24,"$2,489.98",105
Eliza Leatherhead,Canada,Caramel Swirls,4-Apr-24,"$2,683.67",157
Ernie Sherstone,India,Hazelnut Crunch,9-Jul-24,$192.34,12
Husein Augar,New Zealand,Raspberry Choco,7-Sep-23,$718.82,56
Karlen McCaffrey,New Zealand,Smooth Silky Salty,15-Sep-24,$857.38,36
Curtice Advani,Canada,Caramel Swirls,25-Nov-23,"$2,880.03",69
Eliza Leatherhead,UK,Almond Delight,5-Jan-24,$689.56,25
Mallorie Waber,India,Eclairs,20-Aug-24,"$2,145.10",84
Ches Bonnell,India,Truffle Collection,27-Mar-23,"$4,907.07",116
Andria Kimpton,Australia,Truffle Collection,4-Jun-23,"$5,877.16",214
Husein Augar,India,Praline Hearts,12-Sep-24,$484.53,16
Mallorie Waber,UK,Mint Chip Choco,14-Sep-23,"$3,312.53",100
Husein Augar,Australia,Mint Chip Choco,8-Nov-23,"$6,657.69",162
Oby Sorrel,USA,Praline Hearts,20-May-24,"$9,860.65",284
Mallorie Waber,UK,50% Dark Bites,12-Aug-23,$893.99,55
Van Tuxwell,USA,Almond Delight,30-Dec-24,$904.75,65
Rafaelita Blaksland,Australia,Praline Hearts,28-Apr-23,"$2,426.00",66
Pru Soles,UK,Toffee Biscuit,20-May-24,$741.58,38
Pru Soles,UK,Mint Chip Choco,10-Oct-23,$120.26,13
Eliza Leatherhead,UK,85% Dark Bars,22-Jul-24,"$1,895.06",102
Jan Morforth,USA,Coconut Clusters,29-Jun-24,"$1,217.82",108
Eliza Leatherhead,New Zealand,White Choc,18-Aug-24,"$2,388.47",183
Kania Dobrovolski,India,Almond Delight,4-Apr-23,"$1,981.68",134
Eliza Leatherhead,India,Eclairs,25-Feb-24,"$1,622.76",115
Andria Kimpton,Australia,Hazelnut Crunch,2-Oct-24,"$4,535.86",254
Gunar Cockshoot,USA,Mint Chip Choco,17-Nov-23,$978.65,57
Wilone OKielt,USA,Eclairs,7-Jan-23,"$1,366.87",32
Husein Augar,India,Caramel Swirls,17-Dec-24,$575.55,14
Curtice Advani,Canada,Coconut Clusters,8-Sep-23,$652.33,22
Van Tuxwell,USA,Caramel Swirls,3-Dec-24,"$4,954.81",128
Jan Morforth,USA,Toffee Biscuit,10-Nov-24,"$1,900.55",94
Mallorie Waber,Australia,Toffee Biscuit,10-Nov-23,"$1,099.92",55
Oby Sorrel,India,Smooth Silky Salty,19-Aug-23,$635.26,22
Kelci Walkden,Canada,Almond Delight,1-May-23,"$3,411.58",100
Husein Augar,Canada,Eclairs,25-Oct-23,"$1,035.16",79
Kania Dobrovolski,USA,Smooth Silky Salty,29-Mar-23,$289.66,11
Mallorie Waber,UK,Spicy Dark Bites,9-Dec-23,"$5,004.30",219
Andria Kimpton,USA,85% Dark Bars,2-Apr-24,$636.23,54
Mallorie Waber,Australia,Caramel Swirls,19-Apr-24,"$5,142.47",95
Pru Soles,New Zealand,Caramel Swirls,26-Oct-24,"$2,286.70",124
Wilone OKielt,USA,Almond Delight,10-Jul-24,"$2,582.42",131
Pru Soles,New Zealand,Peanut Butter Cups,19-Mar-24,$811.30,64
Mallorie Waber,Australia,White Choc,20-Nov-23,"$8,056.46",194
Gunar Cockshoot,Canada,Almond Delight,15-Feb-23,$988.85,79
Rafaelita Blaksland,Canada,Truffle Collection,13-Apr-24,$948.95,32
Brien Boise,Australia,Caramel Swirls,22-Jun-23,"$3,573.75",116
Dotty Strutley,Australia,Toffee Biscuit,30-Jan-23,$223.87,18
Brien Boise,India,Hazelnut Crunch,27-Apr-23,$952.00,65
Ernie Sherstone,New Zealand,Toffee Biscuit,1-Aug-24,"$2,809.61",184
Zaria Ambler,UK,Milk Choco Drops,11-Aug-24,"$1,587.49",111
Jan Morforth,New Zealand,Sea Salt Caramel,29-Jun-23,"$2,818.28",222
Curtice Advani,Canada,Truffle Collection,25-Apr-24,"$7,852.78",150
Kelci Walkden,USA,Orange Cream Bars,13-Nov-23,"$1,170.90",68
Pru Soles,UK,Caramel Swirls,22-Aug-23,"$2,487.35",105
Kelci Walkden,Canada,Mint Chip Choco,29-Sep-23,"$2,009.13",55
Husein Augar,UK,Caramel Swirls,27-Nov-23,"$1,349.52",26
Zaria Ambler,New Zealand,Peanut Butter Cups,17-Nov-23,"$2,103.48",85
Andria Kimpton,Australia,Mint Chip Choco,4-May-23,"$1,367.68",113
Rafaelita Blaksland,India,Toffee Biscuit,18-Jul-24,$149.57,22
Zaria Ambler,India,85% Dark Bars,10-Oct-24,$787.23,32
Gunar Cockshoot,India,Sea Salt Caramel,10-Jul-23,$906.41,53
Zaria Ambler,Canada,Spicy Dark Bites,18-Feb-24,$854.53,38
Kelci Walkden,New Zealand,Choco Coated Almonds,8-Oct-23,"$4,411.17",118
